reserve_priority,candidate_id,sequence,quality_rank,library_panel_Q,shortlist_panel_Q,mmr_insertion_order,similarity_at_insertion,mmr_utility_at_insertion,cluster,max_reference_ratio,reference_slack,source_runs,prior_shortlist_runs,exact_reverse_in_pool,exact_reverse_selected,in_final_library,hemo_logistic,hemo_trees,physicochemical_desirability
1,231fc9e3065cdea6e9e2282d83d2897618f5cfe02e7cf975207f81f656369001,KLRRIAGIIAQVNKQERN,197,0.94876619259715556,0.94876619259715556,101,0.2857142857142857,0.8253181447660114,26,0.57894736842105265,0.22105263157894739,run-09,,False,False,True,0.067884900775213683,0.24134825359825371,-0.31471685713672104
2,656431407848dfbc20be3c2e4b3df9c2b1603e01f961b6e0e11d1cbe81954655,GLRILKVAVNQFNKQAK,89,0.95589573537441219,0.95589573537441219,102,0.34999999999999998,0.82530616183697092,154,0.59999999999999998,0.20000000000000007,run-09,,False,False,True,0.11045733425932208,0.15944841269841273,-0.25950972640770897
3,77e5290c02284f15b24e7223302f0260a636150deb8773c7f3578d9706da4d37,WSKQMAKVQMERFDRLARA,143,0.95196521179127069,0.95196521179127069,103,0.31578947368421051,0.82518974324372263,20,0.54545454545454541,0.25454545454545463,run-05,,False,False,True,0.11105372591335594,0.20509523809523816,-0.20649251898845072
4,e06fa8e0056e7a866e2c937bd11a73305f65db2beac2df1adb19acbadd6472b1,FKVGMANPKWKQRWNILNEK,96,0.95537673226039355,0.95537673226039355,104,0.34999999999999998,0.82483905903435417,26,0.53333333333333333,0.26666666666666672,run-06,,False,False,True,0.059952693082793503,0.23953848003848019,-0.2838874002355346
5,1fd584a05272fbf94ee64538955b00b939307f49bd87eb698f6ca5bece7ac05c,LNKLMKNGGWKAAGGA,25,0.96568479410876462,0.96568479410876462,105,0.44444444444444442,0.8246718702534438,179,0.62857142857142856,0.17142857142857149,run-04,,False,False,True,0.053540735668925865,0.20755026455026465,-0.27961066054616351
6,6f18199519407d9c86bc7b68679b23cf1fadd975b4931d35524e7be1ee678ce7,KLPPKIKNAVKAAQAAGT,56,0.95942325653953919,0.95942325653953919,106,0.38888888888888884,0.82459204199669645,151,0.61538461538461542,0.18461538461538463,run-07,,False,False,True,0.06123722198168409,0.25339814814814832,-0.13958591370936754
7,9bcc61e9c1f804f42c2a975cb158b99ba6119e63361a7c1b0d996485fec7d229,VQWFNKIAEKKLKANNW,123,0.95320071920431526,0.95320071920431526,107,0.33333333333333337,0.82454731395055048,26,0.58823529411764708,0.21176470588235297,run-06,,False,False,True,0.048595952919894374,0.24280928330928342,-0.32412097409869178
8,19200d1f731d3f78b97e222929a0c54a723621117f19bcad799efa2c11b1f302,TKAARGLNKNAGTAANL,26,0.96541829250975497,0.96541829250975497,108,0.44444444444444442,0.82443201881433514,78,0.5641025641025641,0.23589743589743595,run-09,,False,False,True,0.039423176455469819,0.18071115921115927,-0.3638838912773753
9,a73f90e7733ce1bd7d23f994587d8841faff0c88ae8ce60e99a5b9fcc0616f36,VGYRYMAKKQNENWRKWYYG,187,0.94928119568717406,0.94928119568717406,109,0.30000000000000004,0.82435307611845665,197,0.5,0.30000000000000004,run-06,,False,False,True,0.084618332629220874,0.17714838864838867,-0.38731329225149957
10,655778a02913bac0d5d2f58ffb59a86126bfe09a985d6a33b820d631fc4fae76,GNKHIKQVAKVKSGMAEKL,80,0.95682924097544575,0.95682924097544575,110,0.36842105263157898,0.82430421161474332,198,0.62857142857142856,0.17142857142857149,run-09,,False,False,True,0.0434926847141456,0.19311002886002884,-0.41203671383527762
11,06a84c9d19825e883f5f9f9b60a3478e7905ede6a06b5c15985d0e6ee1bea48a,AAQKNKKAGQAARAFERLSAK,35,0.96331677990067943,0.96331677990067943,111,0.4285714285714286,0.82412795905346869,151,0.58064516129032251,0.21935483870967754,run-05,,False,False,True,0.056923196031501269,0.22672919672919675,-0.23879568782435584
12,56aa3491d8e837fc13a7be969387a70f07507be28c36e9ab48e33c0ea0f948fa,VRFVGRMKGMWKEENWR,191,0.94897919387516327,0.94897919387516327,112,0.30000000000000004,0.8240812744876469,248,0.56000000000000005,0.23999999999999999,run-06,,False,False,True,0.043251921415435692,0.22675673400673405,-0.41885390201361972
13,299897ff58c3ebbea5f203597d1e84e999f2bfe0884395bf062ecdf275919933,ERKYYINHGNYKRAWKLW,104,0.95450372702236219,0.95450372702236219,113,0.34999999999999998,0.82405335432012594,197,0.5625,0.23750000000000004,run-06,,False,False,True,0.10219300319274072,0.20165752765752767,-0.2294328533447223
14,bae396c8338094f4c9cfb878daebaa3e9b0ea1fea8f13ff8f4c1e60a87ae4962,EKAKRRYYDANKGAATPF,131,0.9526212157272943,0.9526212157272943,114,0.33333333333333337,0.82402576082123158,233,0.5714285714285714,0.22857142857142865,run-09,,False,False,True,0.037851369899511864,0.2365388407888408,-0.37733991611012979
15,50c8f988ffa56f5c4b5dbe6102d054b6002bbf9a86a34d4e515af70f6528a13f,KGLAREIARKATKFAAPGQK,51,0.96002476014856097,0.96002476014856097,115,0.40000000000000002,0.82402228413370482,1,0.58823529411764708,0.21176470588235297,run-04,,False,False,True,0.080569473491885882,0.18709415584415592,-0.28660253917855638
16,97096cb604576e4db00d971e6f55020a265d6fc7d80f97210c66ccfd5c61ba82,PLEKWRKEWRRWKLEMVQN,166,0.95057670346022083,0.95057670346022083,116,0.31578947368421051,0.82394008574577771,247,0.5625,0.23750000000000004,run-06,,False,False,True,0.038243609950681282,0.1878943001443002,-0.48958088228524893
17,4e0846cd4e74aedf0c87c16552e013b7ed81bdf3f877110ae99f2ca0862431b4,FRKWEMAMDDLWKWKNRR,136,0.95244621467728807,0.95244621467728807,117,0.33333333333333337,0.82386825987622592,117,0.59259259259259256,0.20740740740740748,run-06,,False,False,True,0.10314945356288645,0.22139430014430014,-0.17985667000493985
18,2b58e0b8455da9f8ef45023f22091e5f979a3346ae1e030f042a4dea65695478,HKAIKKASTIKRHAAEA,107,0.95442472654835919,0.95442472654835919,118,0.3529411764705882,0.82368813624646453,104,0.58064516129032251,0.21935483870967754,run-09,,False,False,True,0.049865833748100739,0.2191628186628187,-0.37177524613172652
19,ea3e73f90231b46196694394e5e6effaad5e672431a8b443fd50a6eba5c8d129,MRELGELNKKVKKLVHGRIM,209,0.94834094004564029,0.94834094004564029,119,0.30000000000000004,0.82350684604107627,248,0.55000000000000004,0.25,run-09,,False,False,True,0.075516796977149789,0.27062445887445896,-0.14867949931013252
20,ed9d6d243c1991538ff0c804f44738d96c5b60337a07673cc05e8052e4384816,MEELWRRWRQWRRKELMRY,173,0.95021970131820788,0.95021970131820788,120,0.31818181818181823,0.82337954936820523,217,0.625,0.17500000000000004,run-06,,False,False,True,0.089925633039171449,0.25770646945646952,-0.091350073569648513
21,72508e9c5693f2269dd4fa1ffcc0abfc733458966c949d98cbe4f4a3f9c77e14,VTSNLKMQWKEKARAMNK,64,0.95776774660647956,0.95776774660647956,121,0.38888888888888884,0.82310208305694277,248,0.53333333333333333,0.26666666666666672,run-06,,False,False,True,0.028451733115954322,0.23285582010582015,-0.35922680172871352
22,8234c179fb171e3d330fb06af1634b2fd9cd709b64d16a4bccd0a697532d198e,LRAMNKFAQVEGGGAQILKRP,148,0.95155770934625605,0.95155770934625605,122,0.33333333333333337,0.82306860507829716,50,0.54054054054054057,0.25945945945945947,run-09,,False,False,True,0.11380938328204752,0.19394853294853298,-0.23290596590024656
23,1543d5b3dd6c36c7c8de84327c9f072af353497eb57b3a6944511457e6e74a11,VAKGKTKAKTPFSLLANA,65,0.95767624605747637,0.95767624605747637,123,0.38888888888888884,0.82301973256283989,6,0.60606060606060608,0.19393939393939397,run-08,,False,False,True,0.11925480953276245,0.17091931216931217,-0.14847251865196628
24,b29c6797cdfc3c8c06ceab479eb9d43012f37bcadbecccc252da0976e43af998,WKWKALEKVEKYQKQWYK,149,0.95146420878525273,0.95146420878525273,124,0.33333333333333337,0.8229844545733942,38,0.59999999999999998,0.20000000000000007,run-07,,False,False,True,0.055367938703761783,0.28262710437710442,-0.12098798963326524
25,54f61b950c52b1c6bcff96edf81f868e77acc411c7941cdb237a2c2a6049d1a2,KVVKERIRMFKGEFN,154,0.95116720700324198,0.95116720700324198,125,0.33333333333333337,0.82271715296958448,247,0.58333333333333326,0.21666666666666679,run-09,,False,False,True,0.029347063772146721,0.19466269841269843,-0.49348212717329398
26,0748a9d3bc77b87281674a46d2787f3ece47333b8b7ee9d87607f46bbefcb494,VFKKANPPQHYINKTFW,358,0.94189615137690819,0.94189615137690819,126,0.25,0.82270653623921741,67,0.54054054054054057,0.25945945945945947,run-06,,False,False,True,0.079341694452392864,0.26413888888888892,-0.27384556302426527
27,6a16f96de70671f4c86f1a0f91c52ad3fd16177f6d732f9061d98cffdad00f96,VSKIKEVLGKAGKNWGA,45,0.96088226529359178,0.96088226529359178,127,0.42105263157894735,0.82268877560633791,231,0.68571428571428572,0.11428571428571432,run-02,,False,False,True,0.069807390052684923,0.19929906204906203,-0.29189095426053957
28,7d7bb064ff9e32dac88cc1049fad502fca423eaadc6c946fe548dc013fdff55f,GNELARRWWLGMMKPKK,189,0.9491636949821699,0.9491636949821699,128,0.31578947368421051,0.82266837811553184,248,0.61538461538461542,0.18461538461538463,run-06,,False,False,True,0.06262621351128618,0.20686399711399717,-0.40653149201481997
29,1ed1aaeff59a86176134a4a48fbb03d9230ae5785d8048568ac92cd7ebdec337,RFNAAKTLVQNEKKLVKG,157,0.95107770646623879,0.95107770646623879,129,0.33333333333333337,0.82263660248628157,26,0.62068965517241381,0.17931034482758623,run-09,,False,False,True,0.044714914872005372,0.25638263588263593,-0.31499193011299881
30,f12f398f3250cdd9257207e3a632969c3dfc43122d5bbf2c4a9315c2692fc754,QNAAAKKLLGVAKGANGA,73,0.9572272433634601,0.9572272433634601,130,0.38888888888888884,0.82261563013822525,151,0.64705882352941169,0.15294117647058836,run-07,,False,False,True,0.063230490233267725,0.22671957671957677,-0.28852944943806408
31,80104184b4235402e7449a810cce4e04b2d577c782c5b06155132ca152ab8073,GQMGAMMRFMKLLPNK,243,0.94644567867407203,0.94644567867407203,131,0.29411764705882348,0.82238934610078251,201,0.5714285714285714,0.22857142857142865,run-06,,False,False,True,0.076841013785954024,0.20305375180375188,-0.3966723357661186
32,cb8db318c90e3ae876404fbf263e76c91a23ac0db5028bf1034e78c8c7db98f5,VNWAEKLNSMRTTFKNLMK,194,0.94885319311915872,0.94885319311915872,132,0.31578947368421051,0.82238892643882178,119,0.54054054054054057,0.25945945945945947,run-09,,False,False,True,0.06618150763421432,0.26733609908609907,-0.21698484067738774
33,55b619261adc00ef513ba30dcc64221c5943be8c743a83c5371706533fe1dada,HYAEAAKNKVQQKQELLRKAIK,112,0.95413572481434894,0.95413572481434894,133,0.36363636363636365,0.82235851596927767,132,0.5714285714285714,0.22857142857142865,run-09,,False,False,True,0.049508183048304726,0.27479244829244848,-0.16270589271877564
34,2b675825106b5cd7f5b86f7719fbfa60eda22e2372521cdbe3437537a6e7eefa,MAGVIKKGVNWNKN,164,0.95063820382922293,0.95063820382922293,134,0.33333333333333337,0.82224105011296733,15,0.60869565217391308,0.19130434782608696,run-06,,False,False,True,0.026391956852160097,0.16561291486291499,-0.53489448002007556
35,c3ac0153078693c52040823113e0bbc3369906e421f21173533e4de917182e3d,LNFTIRKLAKENNKWAK,128,0.95275546653279919,0.95275546653279919,135,0.3529411764705882,0.82218580223246052,26,0.59999999999999998,0.20000000000000007,run-10,,False,False,True,0.048238281823262709,0.25045286195286204,-0.30831128388107498
36,5d3d6b27e63970cec1c4959418d50fca35f05bec4ee36c13592d4dd48096819b,VHRLEKMWRYYRKDWKH,242,0.94653517921107522,0.94653517921107522,136,0.30000000000000004,0.82188166128996765,145,0.61538461538461542,0.18461538461538463,run-06,,False,False,True,0.10270138547921799,0.16721861471861477,-0.36860056170775757
37,58e7fe6373db215c815d668c34d0f67cc1ffde1308606d0c7eb84fbcd21026c6,RYENNRLKAPGRIAQIY,273,0.94475516853101116,0.94475516853101116,137,0.2857142857142857,0.82170822310648151,4,0.55172413793103448,0.24827586206896557,run-10,,False,False,True,0.063146112423200368,0.27212409812409827,-0.26751729810347236
38,de85233bd46d2db7de5e28822761bec43fbd30faa7ad77902009d62ce0d94813,KKVRNLNEKKHEMMQNLLVRF,280,0.94459816758900561,0.94459816758900561,138,0.2857142857142857,0.82156692225867645,26,0.55172413793103448,0.24827586206896557,run-05,,False,False,True,0.040099895319092423,0.29351599326599326,-0.25016212539630089
39,580511ead09f26f5bbb4e4e3c1c6f7a1d1da5b03c48022c2944a5a235629f820,LGKWQKGVNKKAMEFI,117,0.95366272197633184,0.95366272197633184,139,0.36842105263157898,0.82145434451554078,248,0.62068965517241381,0.17931034482758623,run-06,,False,False,True,0.055203703703939219,0.21352789802789801,-0.37635508900836179
40,57d1ab2d879c0a402ca40cee1fc4fb57477b17cd3129a40eb3c6bb14a59355aa,AHTWKSVWEIRWRGMMEKHRR,177,0.94976069856419132,0.94976069856419132,140,0.33333333333333337,0.82145129537443884,217,0.53333333333333333,0.26666666666666672,run-06,,False,False,True,0.11612854133880668,0.17566943241943239,-0.28403145066590829
41,fa76ba2dc3394f8865e1a3902be4b0a4eb92374575a7bc2054e09a9956d8d3cb,RVLNHAKVFEKAAAKRGKHV,74,0.95713924283545704,0.95713924283545704,141,0.40000000000000002,0.82142531855191137,33,0.55000000000000004,0.25,run-04,,False,False,True,0.080440878503572011,0.23594721019721029,-0.1647965086233508
42,d3838528e3775759ca859189515b750784f706bdec7e89dffd9b9ae3f0737d8f,TAKFWHHWGKQAGVAKH,181,0.94962469774818647,0.94962469774818647,142,0.33333333333333337,0.82132889464003456,48,0.62068965517241381,0.17931034482758623,run-08,,False,False,True,0.089064839230805062,0.22652934102934105,-0.28296272638187359
43,6c90d0899cf28295ef6dc4f03d7d53002558618852e78b0c84a1ec0333a3df04,AELHWRKRNNNWSIAFKAG,260,0.94557667346004082,0.94557667346004082,143,0.30000000000000004,0.82101900611403678,26,0.5625,0.23750000000000004,run-08,,False,False,True,0.081531341168016025,0.19790319865319866,-0.3992869657710178
44,d8e53554e8119baff99750d1f0e564d6235d4cabf7d9bcd65603e0037634fd96,KQQQVVHNVTNKRNLAWTIL,410,0.93992288953733727,0.93992288953733727,144,0.25,0.82093060058360356,180,0.5,0.30000000000000004,run-09,,False,False,True,0.10492195531763777,0.24046957671957675,-0.28563032306393171
45,247458b2e146e222c7a9cd24388dad5cd0b5606b575317767e56072136326c61,KEAINMRRKAAQKFHSV,158,0.95103070618423713,0.95103070618423713,145,0.34999999999999998,0.82092763556581339,248,0.53333333333333333,0.26666666666666672,run-09,,False,False,True,0.040565801940251632,0.24167953342953349,-0.37177524613172608
46,92b036ef5d40a0de7a2f4c36581a81a626df58adfd76497cf640a61ec882fafc,RMHNKIQSVEQAVKLHLAKL,160,0.95089820538923231,0.95089820538923231,146,0.34999999999999998,0.82080838485030905,51,0.53333333333333333,0.26666666666666672,run-09,,False,False,True,0.11870624446687759,0.20628186628186637,-0.16905747298481008
47,b2167f3f3080fc767f53680ea1765ebba421f2fa82938a04f947110ceaf126aa,ANRTSKFAKLVEKVTKGL,81,0.95642723856343137,0.95642723856343137,147,0.40000000000000002,0.82078451470708824,165,0.59999999999999998,0.20000000000000007,run-05,,False,False,True,0.08412272650122124,0.18195767195767196,-0.31499193011299909
48,7ea96df80257ead0b9d7ed0c2e31ce83c722ded6f087a1b247ba057a24ef3214,NAGTATKQLIHKNKLAAS,193,0.94888719332315996,0.94888719332315996,148,0.33333333333333337,0.82066514065751062,6,0.58064516129032251,0.21935483870967754,run-03,,False,False,True,0.067679746465436563,0.22257287157287167,-0.36316902669312995
49,2c93e53d62a03dd3f35b72df8ca74e4f6f4036729252dbc82890d5eff132c71c,KRKMKMHAAKLAGHMVKE,111,0.95417772506635035,0.95417772506635035,149,0.38095238095238093,0.82066471446447731,63,0.5625,0.23750000000000004,run-09,,False,False,True,0.034518405609990643,0.18935485810485814,-0.46280239087300612
50,8a55c9e392b75a94461d6a8946a453d9fdfbad10c5494c5e0184345af05c72bd,RKHNGHHMYNNAKFVF,309,0.9435286611719671,0.9435286611719671,150,0.2857142857142857,0.82060436648334178,48,0.5,0.30000000000000004,run-03,,False,False,True,0.029299760786707357,0.15769985569985573,-0.58751478375970501
51,e8a91b92fa273b9b0134be074a4bb98757ea26df7c186a9a72eea866c8b53782,KLAKFVGRLLHGKGNAE,238,0.94677618065708391,0.94677618065708391,151,0.31578947368421051,0.82051961522295447,136,0.59999999999999998,0.20000000000000007,run-02,,False,False,True,0.080745186415739759,0.23472763347763353,-0.31165911615138614
52,faafc5392fec281080b57e761f87797e51c051935249bcb38e844eee668b894f,FKAFKRKAKGSIHEAALG,101,0.95475422852537117,0.95475422852537117,152,0.38888888888888884,0.82038991678394524,104,0.625,0.17500000000000004,run-02,,False,False,True,0.11373085588170649,0.19279894179894172,-0.17585360939206887
53,2a1aebd85acf5112613e169011d510521e45bc6237b51e0afa902891d8ade2e7,NAGNKVVQNAVNTNRGAWK,202,0.94855469132814796,0.94855469132814796,153,0.33333333333333337,0.8203658888619999,78,0.55813953488372092,0.24186046511627912,run-09,,False,False,True,0.023455733742574997,0.21509259259259261,-0.49274096465249084
54,f938b4521f15a0c194756aaf94d0931b841a7c9048f3a167855658c951382786,KPAKGLLKELARFEKKIMG,137,0.95241221447328683,0.95241221447328683,154,0.36842105263157898,0.82032888776280022,136,0.625,0.17500000000000004,run-02,,False,False,True,0.080426221581591698,0.24886123136123145,-0.18022348334581709
55,bea3e9d3bf5858793f5909ca0cc64ee3da3871a2bcb38d9d44d69a36051b66e6,AAKGQTAAQNRHVKVMRKFY,272,0.94479066874401252,0.94479066874401252,155,0.30000000000000004,0.82031160186961127,172,0.55555555555555558,0.24444444444444446,run-05,,False,False,True,0.0870004653764688,0.26410870610870624,-0.18521552286765142
56,0bbe3fb9b9734c9c5a5dc2482c6aa175cff6d5e80005bcd67a84a5d4a7b7f1f7,IAKAPKKIKAAKSIIQEE,204,0.94848069088414522,0.94848069088414522,156,0.33333333333333337,0.82029928846239741,36,0.58823529411764708,0.21176470588235297,run-08,,False,False,True,0.056365227997817721,0.27833694083694094,-0.206788004601271
57,8655eea32a68031693560d6651f4882e6c7ed3e82e0c2fc5ac33f98dba766ec0,IAKAMNAMIKNMLKVKGKDGQ,118,0.95358022148132893,0.95358022148132893,157,0.38095238095238093,0.82012696123795803,63,0.54054054054054057,0.25945945945945947,run-09,run-09,False,False,True,0.093580169800394825,0.24602513227513223,-0.04165512502661687
58,4ec5d65081f81138a7b94798de82349381d06f557b09ef172e5e474600a30f52,LSRLAGALRKQAMEKH,212,0.94823118938713624,0.94823118938713624,158,0.33333333333333337,0.82007473711508927,248,0.59999999999999998,0.20000000000000007,run-09,,False,False,True,0.075511976323044031,0.25078306878306883,-0.26747996832068355
59,0a34c55bdb43de86ea1a7d41c436c0a3d9c7dc6ce1fd84804436084ecded2522,HLRHLRWAREDAMNKYKSV,246,0.94623267739606431,0.94623267739606431,159,0.31578947368421051,0.82003046228803689,204,0.55172413793103448,0.24827586206896557,run-09,,False,False,True,0.10534136054029188,0.23988239538239539,-0.18819391312782485
60,c2a182e061fd72667a5beb1a410a9c611974f03fc21f47edd7dbea407e5e9fee,AMQLRNKAKGGLNEVRGYFKQ,121,0.95330821984931913,0.95330821984931913,160,0.38095238095238093,0.81988215976914913,95,0.52631578947368429,0.27368421052631575,run-10,,False,False,True,0.065582820027612884,0.23551358826358823,-0.29679797328792279
61,a483d0976398e246cdf04f824a4c0f1920d1c8d23186b62bd4268b1f0e615aa9,AAVAKKKAVKGQKGAIDM,145,0.95186321117926709,0.95186321117926709,161,0.36842105263157898,0.8198347847981825,137,0.59090909090909083,0.20909090909090922,run-08,,False,False,True,0.07647977652603459,0.20762301587301593,-0.3392212228715713
62,ce3bcf2d5fb3858759fd6087cdf3c8f53d9323a2fc640659d7ef32dd3e8fa749,LTDKAAANAGVIPTKIKKG,147,0.9516827100962606,0.9516827100962606,162,0.36842105263157898,0.81967233382347671,22,0.61904761904761907,0.18095238095238098,run-08,,False,False,True,0.11278945063287892,0.17805687830687836,-0.27195462476637167
63,3e32b1db640e5d9645bd825cb9ed2efc2ed54f4018ed1b89b4e090b08fcf5902,LAGNGIKQMMKFHHHK,298,0.94385766314597885,0.94385766314597885,163,0.30000000000000004,0.819471896831381,28,0.5714285714285714,0.22857142857142865,run-04,,False,False,True,0.044675711356175672,0.16348893698893704,-0.55320749193319241
64,1c2a36683a8d98b9f6d96a7dec985564e2d0eb38ed96523176e4e93ce6b1005c,HWKKLMRWRTWWKKLEEAEK,306,0.94358166148996891,0.94358166148996891,164,0.30000000000000004,0.81922349534097205,255,0.625,0.17500000000000004,run-06,,False,False,True,0.068145796456457686,0.25813335738335735,-0.31224437741384437
65,73cc0e44a922b0741a3ca1d3807144a3fc878b85af4b7c115ef1ba21798e41b3,KGHASHAKKVWRNIAAGW,152,0.95118170709024263,0.95118170709024263,165,0.36842105263157898,0.81922143111806045,104,0.55172413793103448,0.24827586206896557,run-02,,False,False,True,0.11748182416799949,0.21249098124098131,-0.14976204451970848
66,e2dd5b537d51bb6a15947ce24929112ce3c01f5a1db6ff5f9655e40af926e9b4,MMSNELGQWKKASKRYIH,230,0.94713918283509702,0.94713918283509702,166,0.33333333333333337,0.81909193121825397,248,0.58064516129032251,0.21935483870967754,run-09,,False,False,True,0.066075223308654271,0.22303318903318914,-0.38369678977345334
67,a1996d1ed29d62f1d8268362cd74e4cf05dcb037228a6c346bccc43a1739518d,TKIAKGETMMGSKLKKVHFTA,232,0.94710968265809603,0.94710968265809603,167,0.33333333333333337,0.8190653810589531,239,0.55555555555555558,0.24444444444444446,run-04,,False,False,True,0.10745756510711395,0.1694683742183743,-0.34318387560418884
68,58babc303a9d5391cb14cf8e1c147279d36f8062b5d7f9f3325f3963c91e8968,FKKMGEPLMKAGLKVV,188,0.94926069556417336,0.94926069556417336,168,0.3529411764705882,0.81904050836069719,248,0.66666666666666674,0.1333333333333333,run-07,,False,False,True,0.080933939282809217,0.17422101972101975,-0.40199214272229544
69,05f72e5611c7726006d2069cf933329d0c214e682efa129a880bc92db984ff79,NRKAKQAVFRVDKMAGAAKN,105,0.9544752268513611,0.9544752268513611,169,0.40000000000000002,0.81902770416622495,137,0.61111111111111116,0.18888888888888888,run-09,,False,False,True,0.057530691082248994,0.2683970658970658,-0.15793195910684948
70,ed19a9b779a58b10b31eadb5b0caecc88bab79a986ce7592d24214471ea57aa6,QWQQKNPRFARMWWQWRN,380,0.94085664513987077,0.94085664513987077,170,0.27777777777777779,0.81899320284810595,83,0.62068965517241381,0.17931034482758623,run-06,,False,False,True,0.075919999467556301,0.25938143338143349,-0.31071512402108087
71,7499bc292e2fde9628a64fff13a72720b69f7d8a21a976604174745c0ea189c4,KAWKVIQKKWESLRNAAQQ,264,0.94534567207403242,0.94534567207403242,171,0.31818181818181823,0.81899292304844729,132,0.55172413793103448,0.24827586206896557,run-09,,False,False,True,0.071800592832568885,0.27159439634439658,-0.21948513772391692
72,d092fab6d9c12a461af8a85665db0bfda9cb7df4854a7d3ba0bb25a0dce5db91,GTPYMWKMGMVGRYYRREKQ,315,0.94329765978595881,0.94329765978595881,172,0.30000000000000004,0.8189678938073629,216,0.55555555555555558,0.24444444444444446,run-06,,False,False,True,0.091635504665280629,0.21130182780182782,-0.36661590672539773
73,fbb5b36ad1b5bed0371065609ad70469ad8e26c3c584d71fed82db6fcb920e3c,QERMNKFMKALQKVLGRLQRA,235,0.94698268189609136,0.94698268189609136,173,0.33333333333333337,0.8189510803731489,20,0.53658536585365857,0.26341463414634148,run-09,,False,False,True,0.1006344993831419,0.22212049062049061,-0.27935196142323399
74,4201c2cfcfeb91c05ee3d7be601d0de5c69c83aa57dccc36e6572803b8c9dd7f,HFNKHKPKELRLAVLTAGKI,196,0.94879369276215653,0.94879369276215653,174,0.34999999999999998,0.81891432348594084,250,0.60606060606060608,0.19393939393939397,run-03,,False,False,True,0.12244915062643627,0.19263239538239538,-0.23109875337664054
75,817906598807ac24b501be60a9f235be4a40e31aa68e971d9f2ffe1ac5519f72,YAKTMLKLMMERKGQ,139,0.95218971313827883,0.95218971313827883,175,0.38095238095238093,0.81887550372921292,201,0.59259259259259256,0.20740740740740748,run-09,,False,False,True,0.044134903671448185,0.23298412698412699,-0.37468238930317571
76,1397eacc8c7a94f607d5382268f448c855f7a193c72660a681e82c26c0235981,AGLGYRKYQRFIKNEA,199,0.94868619211715277,0.94868619211715277,176,0.34999999999999998,0.81881757290543744,184,0.5714285714285714,0.22857142857142865,run-06,,False,False,True,0.073002591065533376,0.25114321789321775,-0.27131180259482762
77,94e58569565ebc7e28c50a289179f04da524f2d14e2b9da2bc1a2bc112eded02,EIIKAASNKKNKKQGKIMAVAGKAA,176,0.949779198675192,0.949779198675192,177,0.35999999999999999,0.81880127880767284,86,0.59259259259259256,0.20740740740740748,run-04,,False,False,True,0.10320296339313316,0.1866957671957673,-0.31026361879600789
78,5af1a2aabd83f74acc2ec82bea65b20f626bc9f65124999f77699d3e8f5d1f01,GVQKANAREMPGAKRLREVI,240,0.94669868019208114,0.94669868019208114,178,0.33333333333333337,0.81869547883953975,248,0.54545454545454541,0.25454545454545463,run-05,,False,False,True,0.045792888112010169,0.27038251563251564,-0.3063942065828501
79,4937bc3e847260b79bd619d726b5fd4e86e192ebeedc82af7d9e1b2936bf9252,KFQGVQEKAKLGVRKAVL,156,0.95115570693424156,0.95115570693424156,179,0.375,0.81854013624081745,131,0.58823529411764708,0.21176470588235297,run-03,,False,False,True,0.094520213821740778,0.23469997594997599,-0.19416227970796407
80,969d0488d66e3f9d8175eafe7cdf3ebbfa49b5a13935fa4fdc6ac2be7261e684,AKKWPHKWWERMWMMH,130,0.95268921613529689,0.95268921613529689,180,0.38888888888888884,0.81853140563287841,241,0.5714285714285714,0.22857142857142865,run-06,,False,False,True,0.068175330882376192,0.18908934583934581,-0.38890324602451171
81,781ae9f782cea58b429d9b44d47cd332a10405c45276dc3ad24e03db86c075ec,KKPVFPRFPQYYTVAKQP,405,0.94020514123084742,0.94020514123084742,181,0.27777777777777779,0.81840684932998486,106,0.54545454545454541,0.25454545454545463,run-10,,False,False,True,0.095530071144324588,0.22995779220779217,-0.33872651919846847
82,942a7f270c207e4a840a5fb202c6155213d8f5d603227c872d9b9d9377bc7b22,AMHMKPGLIKEMKVLGKK,133,0.95252171513029071,0.95252171513029071,182,0.38888888888888884,0.81838065472837285,63,0.5625,0.23750000000000004,run-02,,False,False,True,0.065531721254945205,0.27063371813371828,-0.12522810195381404
83,2486c3c1db298f3b685b4fda65abde040b306a4ac9626a89e57708db2043cf73,QKAKVLGKLKQMAEQ,163,0.95085520513123079,0.95085520513123079,183,0.375,0.81826968461810778,132,0.61538461538461542,0.18461538461538463,run-09,,False,False,True,0.021548353317788534,0.20723569023569025,-0.49077648474245539
84,ca56ecf88db41af6a69d138c8c518b5b9d97bd641e22f02ce5a50cc8ea6be895,FQWKALRRAKHMMQELQ,207,0.94836869021214132,0.94836869021214132,184,0.3529411764705882,0.81823770354386838,20,0.55172413793103448,0.24827586206896557,run-06,,False,False,True,0.073937793668847451,0.24933056758056768,-0.27786368220229052
85,8ec372ad018fb9466684be491dc14b64e8e131d983315671fecf065c82cc026e,EEVAKIAQDARHAIRKKMKKFKGT,248,0.94617767706606237,0.94617767706606237,185,0.33333333333333337,0.81822657602612281,36,0.55555555555555558,0.24444444444444446,run-09,,False,False,True,0.080006615949368906,0.18128835978835992,-0.42277404828109538
86,e1a4bb67c32a8d2541203419a4e0c489ea4dc00efb6b5abe7c8cf3d294a24dd1,KKAKLGAKFVAKDHAEKMV,92,0.95570723424340542,0.95570723424340542,186,0.42105263157894735,0.81803124766117019,58,0.625,0.17500000000000004,run-05,,False,False,True,0.063605262477034116,0.23083874458874468,-0.29160949624595511
87,7514cfc7d1e697979ae4422b95f5a9cb29f28cdd472bb323fc87f2abacb67d5d,GKVRTRKMQRVDVAQELMKVA,155,0.95116270697624183,0.95116270697624183,187,0.38095238095238093,0.81795119818337958,215,0.55813953488372092,0.24186046511627912,run-09,,False,False,True,0.096129511024442102,0.25062554112554114,-0.052319664025773233
88,6ce5c30ad8ddf23536951f4c2527e0ce3bf83063833f9c3b7dc811e85ed42fc6,VNPTKGVIKVVGKAA,122,0.95324171945031666,0.95324171945031666,188,0.40000000000000002,0.817917547505285,163,0.64285714285714279,0.15714285714285725,run-02,,False,False,True,0.075012912370962803,0.14239550264550274,-0.41300890389417916
89,b99242aa4d942787f170f7c8948b608b953934b9965406f6acad0009948eb215,ARAQKQAVKKLMAKFEKGA,95,0.95545323271939631,0.95545323271939631,189,0.42105263157894735,0.8178026462895619,138,0.61111111111111116,0.18888888888888888,run-05,,False,False,True,0.053724076894509566,0.23390788840788848,-0.31294146367555187
90,89ea5473b3f4bb3d94eafcc9d54d8448e17b96fd1cd79ecb93f11b0ededf8d5c,FKKVLKKVGEIMLKGE,63,0.95803824822948935,0.95803824822948935,190,0.44444444444444442,0.81778997896209604,136,0.66666666666666674,0.1333333333333333,run-02,,False,False,True,0.058066650440254164,0.21765187590187593,-0.31573401849616956
91,dae5a9406266338169d56a3bb5d194a939d90850c17beaf40349eb1f4b3d78b9,SKWHWKTLMAEAWRRH,302,0.94373466240797443,0.94373466240797443,191,0.31578947368421051,0.81778224879875594,168,0.56000000000000005,0.23999999999999999,run-06,,False,False,True,0.10428661490657692,0.16346428571428573,-0.39147557928484933
92,0b8e6c251a2d9b57ba1a69e0541176fc50a6d1e3eaf33e4b92c054bfcdfe6ad7,HGKVAKRAVRELLEKSHSAA,227,0.94738368430210573,0.94738368430210573,192,0.34999999999999998,0.81764531587189515,171,0.5641025641025641,0.23589743589743595,run-03,,False,False,True,0.073943857576542357,0.2439193121693122,-0.30361826679293719
93,c9a8f71bf65e7c819441bb42729003f4bb8fd8e30fa201f845e77c9a2b28751b,MIKNWRLHAKRFKNWHELA,186,0.94932319593917569,0.94932319593917569,193,0.36842105263157898,0.81754877108210022,0,0.59999999999999998,0.20000000000000007,run-09,,False,False,True,0.12433215539101024,0.22041065416065408,-0.07523361644551349
94,d3179516d1990c53b01c46ebe5ad7152c39c9df946d7b37ff3b703cb65ff82e6,KQLATRANEANKLRQNVAKQLEV,236,0.94694668168009,0.94694668168009,194,0.34782608695652173,0.81746940481642882,26,0.55813953488372092,0.24186046511627912,run-09,,False,False,True,0.044025873050476109,0.17771969696969697,-0.52067111540546485
95,1da5d7d307ff92a36f69daa5e01d5fa79bdc21867db9818c3c8e19ed60aae86a,IATKVSAAEVKLNRGLKR,190,0.94912969477816866,0.94912969477816866,195,0.36842105263157898,0.81737462003719397,171,0.61111111111111116,0.18888888888888888,run-08,,False,False,True,0.11413727627271106,0.22361507936507949,-0.15987199356867715
96,b0781101fde858a77ccc7dbcf912d9c4f289daa8103ce286d28289ed5255e45e,INEMRQFAMGLMRLKRKGNKHQF,151,0.95139020834124999,0.95139020834124999,196,0.39130434782608692,0.81712075272451634,20,0.5,0.30000000000000004,run-09,,False,False,True,0.10831951229943353,0.18322967772967783,-0.28498696522168787
97,c469f7c8159ec7ac6de39614a3a5c05499241d6de2acb8d19d1a4bb03ff8d015,FDKLKNLAANLKPAANK,71,0.95728274369646216,0.95728274369646216,197,0.44444444444444442,0.81711002488237161,78,0.66666666666666674,0.1333333333333333,run-09,,False,False,True,0.056007029757987492,0.24370695045695062,-0.26149703912824618
98,d17c6b189ae9e22d1f6eef54b8e5423b5480a06570f5651ba97176483e3a6212,KQNLRINKLLVKQYRTVAENYRN,364,0.94166815000890003,0.94166815000890003,198,0.30434782608695654,0.81706655239931436,4,0.54545454545454541,0.25454545454545463,run-10,,False,False,True,0.10518496335021355,0.24543530543530551,-0.24441101441455501
99,cd410cff7e9a77501df937ecd61870bcc1a6e08cc8c7ad9ebed13f495a0fc909,KKDHGARKYNNAWPAA,183,0.94945969675818054,0.94945969675818054,199,0.375,0.81701372708236253,169,0.5714285714285714,0.22857142857142865,run-03,,False,False,True,0.022400621412551076,0.16946693121693127,-0.54660259572334968
100,a4cfb16bb2b071ad8c68602641657257ac56ad69197c1b4b83aa7414c0515e3d,IKKAFQAASGAVAKQDKNSNK,98,0.95532273193639161,0.95532273193639161,200,0.4285714285714286,0.81693331588560969,152,0.57894736842105265,0.22105263157894739,run-09,,False,False,True,0.063438632767405301,0.23699362674362695,-0.27983209253024827
