export_rank,candidate_id,sequence,quality_rank,library_panel_Q,shortlist_panel_Q,mmr_insertion_order,similarity_at_insertion,mmr_utility_at_insertion,cluster,max_reference_ratio,reference_slack,source_runs,prior_shortlist_runs,exact_reverse_in_pool,exact_reverse_selected,in_final_library,hemo_logistic,hemo_trees,physicochemical_desirability
1,94fa57b75b1ed564783515ae25cd634e35f88b3be0604348c458859092dfaaec,KVLASAMGKMNKGAKEVSK,1,0.98294339766038596,0.98294339766038596,1,0,0.88464905789434733,248,0.58823529411764708,0.21176470588235297,run-02,,False,False,True,0.04760843227073671,0.1574814814814815,-0.15044411105989147
2,d7761cd102b222b2dea7cbd13d9c0bed3387e5b72da3b99bc036d86555bb4fdb,VMGRNELAKKPLNKLA,2,0.97844737068422405,0.97844737068422405,18,0.38888888888888884,0.84171374472691285,26,0.5714285714285714,0.22857142857142865,run-06,,False,False,True,0.036478225491543323,0.15550805675805676,-0.27725835973830115
3,8a43535ecec74e3abd7f47bdf91372e9cc0f32a6f3111f6dfc20506575d1f967,GMATKELNKALKGAFKGA,3,0.97778236669420016,0.97778236669420016,5,0.21052631578947367,0.85895149844583285,231,0.63157894736842102,0.16842105263157903,run-02,,False,False,True,0.054104359285793366,0.15689838864838868,-0.21101164867669653
4,1a4578fdb63c0df2da0510f80797a7f84d47748646e3bc2e60bf814a81f86e53,TKASHVVKAAAKTREMV,4,0.97541185247111484,0.97541185247111484,10,0.27777777777777779,0.85009288944622563,239,0.55172413793103448,0.24827586206896557,run-09,,False,False,True,0.054142207907793886,0.17508465608465612,-0.2145549366883179
5,39d0c781b1bc27b2e15e17af1690ba1c5113667639a7d2a8421cb409d1657039,AKNAAPAAASAKKRHPPL,5,0.97408534451206708,0.97408534451206708,8,0.22222222222222221,0.85445458783863815,151,0.62068965517241381,0.17931034482758623,run-08,,False,False,True,0.046815566948322486,0.21954256854256854,-0.1231965630899194
6,d853dbc61714429f3362ca6d194e5c95351dc9ba89099536f19ab56a6a5fe315,MGAVKPRWWEKAMNLNK,6,0.97378934273605644,0.97378934273605644,9,0.22222222222222221,0.85418818624022852,252,0.61538461538461542,0.18461538461538463,run-06,,False,False,True,0.03990655173611616,0.20073689273689274,-0.24333176223070355
7,a7cb7e4daa306005c17e491677f6fdc9df56ed44a180bc6aa4b069ac3c0de902,FMGVAKAKAEDATKKK,7,0.97349684098104583,0.97349684098104583,13,0.29411764705882348,0.84673539217705895,165,0.625,0.17500000000000004,run-08,,False,False,True,0.026285481835112236,0.20755459355459355,-0.27364856591118869
8,9ddee03d7ac791e15541e50520dd8a07a98b7b9e60f9c6c31600eaa6d704c0ea,PQNKMMKGAAVRAWQVVKEKT,8,0.97340384042304251,0.97340384042304251,11,0.2857142857142857,0.84749202780930966,248,0.54054054054054057,0.25945945945945947,run-09,,False,False,True,0.049131715655566156,0.22605038480038478,-0.054182194670186375
9,f47f239014a90809e489f1af730d50a4fdeba6480a564aa1fd740c1131da1585,QNIQSKAHNVNKVVYKALKQ,9,0.97252833517001103,0.97252833517001103,7,0.19999999999999996,0.85527550165300992,154,0.51428571428571423,0.28571428571428581,run-09,,False,False,True,0.058593102591154217,0.19913888888888895,-0.16971274496323568
10,049f383683d856bce22b5874ba46d887a8bb9c30d77ba44fcda6087614fa17f9,SAARKVFKQAREMKGENL,10,0.97170033020198121,0.97170033020198121,6,0.16666666666666663,0.85786363051511649,26,0.58064516129032251,0.21935483870967754,run-09,,False,False,True,0.027194525956415836,0.15065091390091392,-0.36681018526960946
11,01306657ca9066da5d0abf888847a9b6df340d53eb20bcdf00921a3a83e5516e,RNKLEKALKRFMANWNP,11,0.97167083002498011,0.97167083002498011,14,0.27777777777777779,0.84672596924470434,26,0.58064516129032251,0.21935483870967754,run-06,,False,False,True,0.033170720478334768,0.18852873977873985,-0.30830025652958237
12,557c6c09966a0b704fa26231196d69177cda6be042799531bdb598090cbc0771,WEAWEERLRRKVSKLAKR,12,0.97124232745396477,0.97124232745396477,15,0.27777777777777779,0.84634031693079048,247,0.62068965517241381,0.17931034482758623,run-09,,False,False,True,0.055463883111462248,0.12675024050024047,-0.31499193011299897
13,b07107903b762be9a58f6eb40b62ccb5dd8208a59bb44207697d157d8c4f260a,FKKLKNVAGKGALAEGKA,13,0.97096732580395484,0.97096732580395484,21,0.33333333333333337,0.8405372598902261,231,0.66666666666666674,0.1333333333333333,run-02,,False,False,True,0.056890902017269679,0.20985858585858591,-0.17026232704995212
14,04014c51f400bdf84d4a009c38fc81f52bee94c32d221d5b01ff617021b4ff26,MRYRLNKWPRYMEEKASV,14,0.97063032378194269,0.97063032378194269,2,0.10526315789473684,0.86304097561427473,248,0.55000000000000004,0.25,run-06,,False,False,True,0.053894755354406187,0.21646693121693114,-0.16562580665883134
15,d631d0ee7c1be4bf5f9b8a7160349462c78781ac2f41911f230a43ca08dd429f,AKQIELMAQKAVQHRKRI,15,0.97045482272893635,0.97045482272893635,3,0.10526315789473684,0.86288302466656897,132,0.55172413793103448,0.24827586206896557,run-09,,False,False,True,0.068681628821536778,0.20558766233766246,-0.12211990431111992
16,71206644c4df68eabb99e1dd15a5fba5899016002ac420fe5b19c24e145f24ac,LKIMKGARKEAKEAAQGK,16,0.97041332247993495,0.97041332247993495,25,0.33333333333333337,0.84003865689860813,231,0.63414634146341464,0.1658536585365854,run-05,,False,False,True,0.022353625080039088,0.17440728715728726,-0.36345044580413816
17,2c692661cd4a7d8a40890049b3d2c0ffb5981dc7d9fdb337288d9afcbbc0cd47,AAARSEWNKFAGKAKRPL,17,0.969803818822913,0.969803818822913,26,0.33333333333333337,0.83949010360728837,127,0.55172413793103448,0.24827586206896557,run-02,,False,False,True,0.066888614386821379,0.21166955266955262,-0.12177985574747802
18,71abf118c94567d986ec5906d0f52747589c6a353ef001f1d10e07c371458acf,HWPKKMADAERRAASRWW,18,0.96941581649489894,0.96941581649489894,4,0.11111111111111116,0.86136312373429802,117,0.58823529411764708,0.21176470588235297,run-06,,False,False,True,0.087462039446460166,0.15685461760461761,-0.16475653866083093
19,725f7c27174954ffaf5f229cdcc053a97c00b235f689af108197fe2ce42e406c,GKAGLNKLIKEVAKGV,19,0.96934481606889644,0.96934481606889644,80,0.44444444444444442,0.82796589001756238,231,0.62068965517241381,0.17931034482758623,run-02,,False,False,True,0.060486571094729262,0.17174218374218372,-0.28241306108964254
20,e1d30406035b1dde746fee349f88e247e59a1168bb14c9a1692dd1440c4bcb18,LAQKVKGKAAIAKPLEKT,20,0.96921281527689174,0.96921281527689174,46,0.38888888888888884,0.83340264486031368,165,0.61111111111111116,0.18888888888888888,run-05,,False,False,True,0.068465745300966802,0.20313768638768639,-0.15987199356867782
21,e50898e4449fc832388d1f8d448d9c947221bf7bd626f03c5591c9372b790492,KEKFEFKVNHNIKAAMKGWH,21,0.96884781308687851,0.96884781308687851,12,0.25,0.84696303177819066,26,0.58823529411764708,0.21176470588235297,run-08,run-08,False,False,True,0.03431650250275952,0.18458213083213088,-0.33748883602225277
22,62485553fdbe5def176dde4f30c67fb68d5d3ce06dea830d0fc0c66fc3597ca2,LNAKIRVAKGMGSEVQK,22,0.96863656181937086,0.96863656181937086,23,0.31578947368421051,0.84019395826901278,248,0.5625,0.23750000000000004,run-09,,False,False,True,0.050771315267534006,0.20161640211640208,-0.26751729810347236
23,589df6a78af8e3a5359d870eefcda63959be8f6de14e0570e0381c8f10d30130,KNAKGLRADFAHLANK,23,0.96699930199581208,0.96699930199581208,20,0.29411764705882348,0.84088760709034849,169,0.62068965517241381,0.17931034482758623,run-09,,False,False,True,0.053103345788006691,0.20415500240500234,-0.27364856591118863
24,1c977fc3f6992a3344063f6618d511a3a5cce778ede370b9ccae394a49cfe368,GRSLKMAKHLKEEANKML,24,0.96673530041180245,0.96673530041180245,32,0.33333333333333337,0.83672843703728894,248,0.58823529411764708,0.21176470588235297,run-09,,False,False,True,0.030463468655654868,0.15485631960631957,-0.39997612335545585
25,19168536ec24f1597cdd979333c9d2c846a7863c190a9dad48e3f7bab47d78ad,RIMAEKVNNLANRELRLRHK,27,0.96499178995073964,0.96499178995073964,29,0.30000000000000004,0.83849261095566563,26,0.5714285714285714,0.22857142857142865,run-09,,False,False,True,0.050618509496892686,0.23659812409812411,-0.18955984193941228
26,7edc42f6b76a7117d387824e12b5d3753db7945b52b20bdb4cc5ba65b0fbb2ba,KQVRAAAEKAVGKHRQGA,28,0.96483528901173399,0.96483528901173399,66,0.38888888888888884,0.82946287122167173,172,0.5714285714285714,0.22857142857142865,run-09,,False,False,True,0.028304831590033403,0.21509800384800401,-0.33478929292380888
27,2d80b6ec364f4135e3cca111567afd17d721af2235fb46e642b88ea0b3c23207,AHNKNFVRKIHKYAGELAK,29,0.96438378630271782,0.96438378630271782,19,0.26315789473684215,0.84162961819876192,184,0.5625,0.23750000000000004,run-02,,False,False,True,0.056306705145264563,0.24790247715247715,-0.090135676346828231
28,e6399700047f565d5a82190fd44d9ebaff7638ccfdac42f3bd9f1ffb98aa0520,TQAHKVATRMVKKNKALEN,30,0.96436028616171698,0.96436028616171698,33,0.31578947368421051,0.83634531017712421,206,0.5641025641025641,0.23589743589743595,run-10,,False,False,True,0.024701321213859043,0.18872895622895625,-0.39439481900184903
29,1067edb89ce37f47e8ccaa5e7ec7de0bce9529a2f4e14beed8de73d095c0aa40,TGMFHSIRALKEAMKK,31,0.96388703332219994,0.96388703332219994,40,0.33333333333333337,0.83416499665664667,248,0.58333333333333326,0.21666666666666679,run-06,,False,False,True,0.072898662426268523,0.18943253968253973,-0.26747996832068355
30,77777d537537a3ffe2b6d9d8c3b1bf44d30f46ed017434a7a3f8acea78b59c4e,GKRAMNKMFKARDGLASSNA,32,0.96356728140368841,0.96356728140368841,51,0.34999999999999998,0.83221055326331961,119,0.5,0.30000000000000004,run-09,,False,False,True,0.08038258782013484,0.2154761904761904,-0.14441853494867368
31,f26406232315954fbc97aa9a240cf3cedb74e09a603ce6edb41be63f1e8354a0,ILKHEAKKVSNKVAKLTHHVQ,33,0.96349928099568594,0.96349928099568594,28,0.2857142857142857,0.83857792432468881,73,0.57777777777777772,0.22222222222222232,run-02,,False,False,True,0.087586968300423215,0.15422101972101968,-0.2689669926837529
32,7f3e40a8a09ad55e48e34d833519a1d0ce5d0ec2e1a3babd4ecb46a3616f3a6f,MASNWRQENKWWLKQWR,34,0.96347778086668523,0.96347778086668523,16,0.22222222222222221,0.84490778055779447,252,0.5714285714285714,0.22857142857142865,run-06,,False,False,True,0.061438214942217434,0.20228439153439148,-0.28749737837199973
33,75a21ac97cf88b5f398ab6b7bc5cfba1e52d5eaa689d7d8eaea0a73caec4a37b,FRGLAKNEPLKAKNVAKA,36,0.96308927853567128,0.96308927853567128,82,0.38888888888888884,0.82789146179321527,26,0.64516129032258063,0.15483870967741942,run-08,,False,False,True,0.044769460697965516,0.25863371813371816,-0.12627364893374327
34,d09bb07f8997035174c99644b45f152c9519639c2f4f607f9aad426bd69ba451,ILVNKANQAERSLNVKAHKQVK,37,0.96291277747666482,0.96291277747666482,37,0.31818181818181823,0.83480331791081652,154,0.5714285714285714,0.22857142857142865,run-10,,False,False,True,0.070046576332653085,0.22441281866281879,-0.17803739685056258
35,422506c909f2a653534d4d3f7eb7676abf0a6ab00f875b0e6736daa76ffaf307,SNNIKKFIFPLEKKAA,38,0.96285527713166275,0.96285527713166275,27,0.27777777777777779,0.83879197164071873,26,0.59999999999999998,0.20000000000000007,run-06,,False,False,True,0.063480582343392905,0.21117724867724874,-0.26747996832068349
36,211f038fb68a3daa710ba8142bed7482cc26b1a552f7db9815e9477fc926c22f,AKAAREARRKGVHADKVLKNW,39,0.96231177387064326,0.96231177387064326,49,0.33333333333333337,0.83274726315024561,36,0.58536585365853666,0.21463414634146338,run-05,,False,False,True,0.080500413112379543,0.22498316498316509,-0.11937955170800413
37,f734562695603659796e923d26a5c3f8743c965122ca13b5658caec0fcb4c732,AGKFAKFAKGVSKGAAANQ,40,0.96217377304263829,0.96217377304263829,38,0.31578947368421051,0.83437744836995342,151,0.63157894736842102,0.16842105263157903,run-02,,False,False,True,0.087815248634451393,0.22014417989418003,-0.076002599293291895
38,399921cc628da476c735ea25ad0a3953f25a509b04d6f4b6220d413c43b024c5,GLQNQPNKLLKIAMKV,41,0.96174527047162284,0.96174527047162284,87,0.38888888888888884,0.82668185453557175,101,0.60606060606060608,0.19393939393939397,run-02,,False,False,True,0.067790781186002277,0.20568386243386247,-0.27805755685597988
39,38ae07751052602c7da4df423d82cba5232e16f9dda02fa3197094fb8fea7178,HFANAANITKKASERKF,42,0.96124801748810484,0.96124801748810484,44,0.31578947368421051,0.83354426837087336,26,0.53846153846153844,0.26153846153846161,run-02,,False,False,True,0.039539233417527783,0.17994179894179896,-0.40202887743852789
40,bb76f4c210972522c259a03c9749e83f3f8b1e616ef65a37b6e5bc42fb9eea46,HNRFMEWKPAMMRRWQQWWR,43,0.96095776574659442,0.96095776574659442,36,0.30000000000000004,0.83486198917193499,241,0.59999999999999998,0.20000000000000007,run-06,run-06,False,False,True,0.11122308499767945,0.18941546416546431,-0.012255254299231097
41,2aac5c3e03dacbc5fa319e05bbfa3c6a3be8dc0c2c154dc24bd95be1dbb642df,ARNVNKAERVVAWAKTGK,44,0.96090476542859249,0.96090476542859249,76,0.36363636363636365,0.82845065252209693,78,0.58064516129032251,0.21935483870967754,run-04,,False,False,True,0.040343744717051593,0.22540909090909086,-0.31914653046384073
42,034275e4ef21ca8fb8327fe8b56dfd3b788e124274c2203b0d91c3e897c4fc5c,AARMIKELAKQWQGHQTKAKL,46,0.96088126528759177,0.96088126528759177,86,0.38095238095238093,0.8266979006635945,138,0.57777777777777772,0.22222222222222232,run-09,,False,False,True,0.095499430116363471,0.2173645983645984,-0.032627302948909961
43,aca776f7846d0668c5a07a847f76645e2680e7e3b6256d20722c53345ce3f5e6,INNLKQWFQNAAHRKA,47,0.9603407620445723,0.9603407620445723,68,0.34999999999999998,0.82930668584011502,154,0.5625,0.23750000000000004,run-02,,False,False,True,0.044723269159892151,0.21107287157287163,-0.34557840849080235
44,67562938e507d5734ff9d8d0543b20a8b375122d84c4723fab9fbf4cac998718,MAEEAWNRLGWAREKVIQGKKK,48,0.96028876173257038,0.96028876173257038,81,0.36363636363636365,0.82789624919567695,247,0.52380952380952384,0.27619047619047621,run-09,,False,False,True,0.050276942211793171,0.20734535834535842,-0.33835112567820502
45,8c08ca84b8a56608b3e64802aad9faaec16aee16f2b7b0faace1f5414b06d824,LNRKEKMAVGQAHFHAGKKV,49,0.96025076150456901,0.96025076150456901,69,0.34999999999999998,0.82922568535411212,28,0.62857142857142856,0.17142857142857149,run-02,,False,False,True,0.050084904631271597,0.22021969696969695,-0.31224437741384314
46,3e71d1995b6c024025945d5b25b65f09b1518b8a18168ba9d2579d1eb7302f5e,IANNVARKGPRKVNAAL,50,0.96013026078156471,0.96013026078156471,17,0.22222222222222221,0.84189501248118603,78,0.56000000000000005,0.23999999999999999,run-10,,False,False,True,0.059317118556291563,0.22755651755651754,-0.2690813121414854
47,7f72a0794dfb03606788f2fa3d968a3cbafac9320fbe413d1b269aafa0d500f2,ALKNWWEEKWKRMVPRHV,52,0.95990475942855658,0.95990475942855658,35,0.27777777777777779,0.83613650570792319,217,0.59259259259259256,0.20740740740740748,run-06,,False,False,True,0.057003624570083573,0.19683742183742181,-0.34165517570171733
48,1bfc091105561e0bb798330afdec16bcc0c93a7efb6704c8ff9c0d2bd77e472e,FALKKPLKKMVNGLE,53,0.95984375906255437,0.95984375906255437,73,0.3529411764705882,0.82856526550924015,198,0.69230769230769229,0.10769230769230775,run-02,,False,False,True,0.058959634544350319,0.17093121693121688,-0.37616793504544593
49,772c2e8bab52a63f12d4706cbc7907400a2e5428033a922e68dd8a7400383e26,EIKKWWKQWRAAGRLE,54,0.95964275785654718,0.95964275785654718,60,0.33333333333333337,0.83034514873755916,255,0.64000000000000001,0.16000000000000003,run-06,,False,False,True,0.065421860287334599,0.2114035594035594,-0.29471793376142685
50,e45740e0e763c6cae09cd1c14aac1c183248090cf1bfd3a24771ad24d0017ea5,ARGQNVILNKMKKLLSE,55,0.9595447572685436,0.9595447572685436,39,0.29411764705882348,0.8341785168358069,26,0.59999999999999998,0.20000000000000007,run-09,,False,False,True,0.06351862144128495,0.21715476190476191,-0.28806877651536372
51,a54b2baa23b2925df3808164b4797515738b04ecbb891d71998ec3f38947ee7b,ENNKRFMQGARWIAFSAKNR,57,0.95937775626653754,0.95937775626653754,45,0.30000000000000004,0.83343998063988378,26,0.5625,0.23750000000000004,run-10,,False,False,True,0.062635996096341032,0.23063480038480047,-0.25498059397309747
52,e61b812c851f5abcafa05cedf5c6c77d7aa9ac088109ed76912423d036733e58,IRAAKQLGQWAERQGKRASM,58,0.95890475342852055,0.95890475342852055,47,0.30000000000000004,0.83301427808566852,132,0.5714285714285714,0.22857142857142865,run-09,,False,False,True,0.089187733950978565,0.21420274170274178,-0.18035509876726141
53,c688661e5dfccb4bc35c26adf92c1afec206aec0d37b8aed5c5bf917524c21ad,SRKMAQATDVMRKVMHVGK,59,0.95845075070450425,0.95845075070450425,34,0.26315789473684215,0.8362898861603697,63,0.52941176470588236,0.27058823529411768,run-09,,False,False,True,0.084267191010397466,0.23410317460317467,-0.12227945039134466
54,2389929e0ad44c729afc7b178946134f046b7d1ac56e39c3f9d2cd8006e126f9,HPNKARVAASGIAKLASK,60,0.95830524983149901,0.95830524983149901,70,0.33333333333333337,0.82914139151501576,152,0.59999999999999998,0.20000000000000007,run-03,,False,False,True,0.10537072786955748,0.20530519480519488,-0.12079574277761188
55,e3188eb8c18bf345d301abf3b2141d95bb96e2861d73cac25016d316d3b3fe47,QQRIKQVINKAAKFNKHVSAF,61,0.9582147492884957,0.9582147492884957,71,0.33333333333333337,0.82905994102631286,154,0.54545454545454541,0.25454545454545463,run-09,,False,False,True,0.12556355196354638,0.15334812409812412,-0.12668063670443094
56,3fc1bf6db2c6c709cd9db5075439494813036062590c7069eacc0926b73505ad,MEELMGYKLNRWRRYQPK,62,0.95812174873049238,0.95812174873049238,24,0.22222222222222221,0.84008735163522086,248,0.5185185185185186,0.28148148148148144,run-06,,False,False,True,0.042523860284690629,0.22256890331890336,-0.34672436096825543
57,636ba52b3c6ea2a6db905fbaf38c8a9f7460b46cf07897932adf147b767abedc,SAAEKGVGKKFKKITNAGSAV,66,0.95763974583847511,0.95763974583847511,74,0.33333333333333337,0.82854243792129434,152,0.5641025641025641,0.23589743589743595,run-02,,False,False,True,0.08284102562280414,0.21260582010582019,-0.25010104699573898
58,166dd4f330ce418cbf0144a4066d09cb0266183e408c78537cbde813cbd0440c,AGQIKTENLGKIAKAKNKI,67,0.95761174567047402,0.95761174567047402,61,0.31578947368421051,0.83027162373500563,86,0.61538461538461542,0.18461538461538463,run-10,,False,False,True,0.046864358574185569,0.19915199615199616,-0.3877609569684195
59,226f780870bf00b2e0b13cf7174bd269f61f231f5f74e57f846392499cdab278,AIERLSKSVVLINKNANK,68,0.95751074506447043,0.95751074506447043,42,0.27777777777777779,0.83398189278024559,26,0.59999999999999998,0.20000000000000007,run-10,,False,False,True,0.091493427630485194,0.22241402116402123,-0.15830553329879665
60,eb23c03e2704cfe3a39d2c776dcbdfcd731e267f40170c4d346dbe8c10f44301,FAKKAWHEAMRHLAKG,69,0.95744324465946795,0.95744324465946795,90,0.3529411764705882,0.82640480254646231,104,0.59999999999999998,0.20000000000000007,run-02,,False,False,True,0.062015984701234469,0.13670959595959592,-0.41713863141400181
61,ebb59f34a23c67ef927b2708316efbf1fe6a1115cb7e4d920397c6d8164e4ee7,TGMNKWKWKLEEVKVKW,70,0.95740574443446658,0.95740574443446658,91,0.3529411764705882,0.82637105234396113,255,0.64000000000000001,0.16000000000000003,run-06,,False,False,True,0.039286535798506036,0.22579052429052424,-0.35475289309534175
62,6783b348894e7ae65c515a567b2ff8f2d215333bf56cadc04408e2d5e95c909e,KAAQMFAHLKRKLNGQ,72,0.95724824348946091,0.95724824348946091,55,0.30000000000000004,0.83152341914051486,138,0.59259259259259256,0.20740740740740748,run-09,,False,False,True,0.055891531987998802,0.16055663780663793,-0.4167409888086428
63,ce0746f81fc34198820c8ca446e8ebc69868f188e854979af66da048877e0bf0,ARRMMKPKWWQYQGMEW,75,0.95710674264045581,0.95710674264045581,31,0.23809523809523814,0.83758654456688642,241,0.53846153846153844,0.26153846153846161,run-06,,False,False,True,0.063980280049142246,0.20489045214045215,-0.33273596967230079
64,9b66ab6abc1e2279fa72314838fcbfb3837330fdf92568d373808d292a178eb6,AARLLAERKQQIAHRT,76,0.95707124242745456,0.95707124242745456,78,0.33333333333333337,0.82803078485137582,225,0.5714285714285714,0.22857142857142865,run-09,,False,False,True,0.072498685323077378,0.22334006734006745,-0.26747996832068355
65,a0ed5e18d2ab5f0b2afa52f3ec7e8d201cfaef2ede719d77a03232b4d135a8d8,GIHKGLNAVKAKVGTMVK,77,0.95700774204645223,0.95700774204645223,79,0.33333333333333337,0.82797363450847372,137,0.62857142857142856,0.17142857142857149,run-02,,False,False,True,0.10326762349396655,0.21370502645502654,-0.12418097268520058
66,14c7d3bcff6c36a57cf4fa0f9809e62aa0d971cce348101f3d09cb08f6603c17,TVTMENKVKRWFNPWWPR,78,0.95695674174045042,0.95695674174045042,56,0.30000000000000004,0.83126106756640539,206,0.5714285714285714,0.22857142857142865,run-06,,False,False,True,0.069290815375962087,0.18773701298701295,-0.34727000797755708
67,f568e12aacbba6d0339e40481afab94987177039ac41816484ef1b7f0c81d612,MKKHGAARALRRYNEAVS,79,0.95687474124844751,0.95687474124844751,50,0.2857142857142857,0.83261583855217425,36,0.59999999999999998,0.20000000000000007,run-03,,False,False,True,0.059870113489324917,0.26408068783068794,-0.12197767679705671
68,d0e84398c59542a58a0079ca0e31ef960978492514e73b7f94737856f1ad9448,GPWWNNAAKWWRRNKQNWWR,82,0.95636423818542915,0.95636423818542915,96,0.34999999999999998,0.82572781436688625,188,0.5714285714285714,0.22857142857142865,run-06,,False,False,True,0.097553555543006473,0.16433465608465608,-0.29695914886386393
69,a913ca972d0f9340b0a9cf10eb3a0217ad46092fa8882cd49d746694c19e4a51,AERLLKGPQTVAHQLVKARK,84,0.95606123636741813,0.95606123636741813,100,0.34999999999999998,0.82545511273067629,225,0.58064516129032251,0.21935483870967754,run-09,,False,False,True,0.099217234568100096,0.21123027898027893,-0.18197483569288722
70,b001b2a24ea05f149b4c513405098341a91d932be57f4c4f292e5bd8d0c5d059,LEGAMKDFNQVFRKKKVVK,85,0.956057736346418,0.956057736346418,52,0.2857142857142857,0.83188053414034768,10,0.58064516129032251,0.21935483870967754,run-09,,False,False,True,0.069674970105243483,0.26026467051467056,-0.090135676346828175
71,7728120742b404ff633d4aacd56e6909bf3db7aadfe3f8aef85427e79e8e4693,KRQAAMQELAEKLRQFRREWKKAA,86,0.95602273613641686,0.95602273613641686,57,0.29166666666666663,0.83125379585610848,132,0.5714285714285714,0.22857142857142865,run-09,,False,False,True,0.069693263073058911,0.25011111111111112,-0.17205647235052979
72,f6e5bc40bb9e75b380678b3c2c317a4b98bece03a17178c4e30b85b23d51ce16,MERRKFHMMHYWWKEKKN,87,0.95596123576741465,0.95596123576741465,30,0.22222222222222221,0.83814288996845099,248,0.5185185185185186,0.28148148148148144,run-06,,False,False,True,0.026246118544354356,0.21101202501202504,-0.43054007745291994
73,e9a85fee4941255514bf398dfbfc70e00c380aaff23eebb59679a48f76c17e14,KWKINEEKRWWQRWMYRY,90,0.9558147348884094,0.9558147348884094,22,0.19999999999999996,0.84023326139956844,156,0.59259259259259256,0.20740740740740748,run-06,,False,False,True,0.084567613432535993,0.2029234006734007,-0.28752784078929533
74,b67de95bfa3217c77a01404867ca86f99845a6769bc3cc6ccf974fe65f256ab7,VNKWWKWIHKWWKNELNNK,91,0.95579723478340872,0.95579723478340872,85,0.33333333333333337,0.82688417797173452,188,0.64516129032258063,0.15483870967741942,run-06,,False,False,True,0.070847116246600242,0.25628415103415109,-0.12940750611574275
75,0bf1ff1e9040cab8cd8a3fcbc6fe035cf00254f4f87772e181d016662b86c377,RGRKRNANKIMELLERVL,93,0.95567673406040443,0.95567673406040443,62,0.30000000000000004,0.83010906065436396,26,0.58064516129032251,0.21935483870967754,run-09,,False,False,True,0.053117215843295519,0.2132990620490621,-0.36276371529362794
76,25b7140deac2606fe30ec68d55366a8e0f72be9b16717098c1d1e168df294ab8,WQKFAVTAHRKAKALRSE,94,0.95550573303439812,0.95550573303439812,88,0.33333333333333337,0.82662182639762505,36,0.59999999999999998,0.20000000000000007,run-10,,False,False,True,0.097666024023194686,0.22834415584415585,-0.12197767679705666
77,bcca04261c8d72dbdf186b23aa516623dba47561f94ccd0a05bba2788082fea5,GPNENKTFKWWRYWRKAA,97,0.95535773214639286,0.95535773214639286,89,0.33333333333333337,0.82648862559842029,156,0.59259259259259256,0.20740740740740748,run-06,,False,False,True,0.058037140206727199,0.20829244829244833,-0.36179613995077564
78,a96c0f8af13ff433e0b067a91c45afd00d3d1c8facc30c96fb1a645cb4e0d0d7,GWNKKAAEVRWKKMSLM,99,0.95489172935037603,0.95489172935037603,94,0.33333333333333337,0.82606922308200514,248,0.61538461538461542,0.18461538461538463,run-06,,False,False,True,0.063346636112097177,0.22413323713323738,-0.31482369928225901
79,dfdcd4ec937654128ebf44a762447a7609b278ae14f6ee062277d748e71f8908,DKQKVKEMRKVLGTLGVAM,100,0.95480322881937285,0.95480322881937285,48,0.26315789473684215,0.83300711646375136,215,0.60606060606060608,0.19393939393939397,run-09,,False,False,True,0.081057222372719687,0.23894191919191926,-0.18775606424752136
80,c5e0a30ed9bcdd052b31212b4f8eb45b279055580ebbaf70bf5b17f95832d40d,YVEAANHLKKLAHKNFQYNR,106,0.95445222671336027,0.95445222671336027,41,0.25,0.83400700404202421,4,0.54545454545454541,0.25454545454545463,run-09,,False,False,True,0.058340558813432031,0.26458874458874454,-0.17606724638477406
81,ca8403311614f7176c42d778b25630bfa4e9b44ddb770342c7ce382f343d0baf,YKGAVQYAKQSAKIHRT,108,0.95432822596935585,0.95432822596935585,99,0.33333333333333337,0.82556207003908699,178,0.5625,0.23750000000000004,run-09,,False,False,True,0.090002761313433585,0.1878469215969216,-0.30846650061775327
82,5d37b0f44bae71c77f065162dbcbbb4fa25d7230c40ac6bb8cd64e62f8ef853c,AERLKQWAWRWNRTVMKYNG,113,0.95400722404334426,0.95400722404334426,72,0.30000000000000004,0.82860650163900984,252,0.55172413793103448,0.24827586206896557,run-06,run-06,False,False,True,0.1103296749832092,0.22444997594997593,-0.023064117118581411
83,27aa5ded47f703202ae025632f01f047c121cbdc4003c985a7c5327238006ae0,QAVQKAQNWEGRASRKRYGLL,114,0.95399772398634397,0.95399772398634397,63,0.2857142857142857,0.83002652301628099,132,0.51282051282051277,0.28717948717948727,run-09,,False,False,True,0.098475974812090236,0.203205266955267,-0.25382669398877872
84,0fe6f2c0e9217ff45cb8578d84d4a3b06c74af7e6f7d88e46600f6663fae460c,GEMKIKRATAGNLMKKVF,115,0.9536977221863332,0.9536977221863332,59,0.27777777777777779,0.83055017218992211,248,0.5714285714285714,0.22857142857142865,run-05,,False,False,True,0.066663556009649363,0.25512313612313609,-0.20610687520111592
85,b068ae2ad4ac7ef93ec6e13720019ed5c01384777c505c9e21f00c0c3af4c2d0,RKGLGNAVQQMVQFAKP,116,0.95368122208733253,0.95368122208733253,77,0.30000000000000004,0.82831309987859925,131,0.55172413793103448,0.24827586206896557,run-09,,False,False,True,0.054785317834381737,0.20245983645983656,-0.39616539920916327
86,f5082a98474a9c74d46dda1776d7fd0fff17e19134a0ea0a0f99309a6a713369,KVLRKRQKKDDRMMDVAA,119,0.953527221163327,0.953527221163327,53,0.26315789473684215,0.8318587095733101,134,0.59259259259259256,0.20740740740740748,run-09,,False,False,True,0.067510549166100317,0.21919973544973548,-0.32618225938841833
87,db0c6731ee80e2813eaeeec9346b4fe3b5cc2d6370e5cfcaad1ff0cfb91bcd02,ARHPNNKWWRWWPNLNNKVAK,120,0.95337122022732146,0.95337122022732146,67,0.2857142857142857,0.82946266963316073,188,0.59999999999999998,0.20000000000000007,run-06,,False,False,True,0.065525945242007361,0.20855976430976428,-0.35699982936602742
88,5363dccefd8007621b2a73e9548176bb7be3ad6d196db69a90b901dde039e94d,KWHTMMRSARQVMANKLRRESM,124,0.95303771822630934,0.95303771822630934,95,0.31818181818181823,0.82591576458549654,201,0.5161290322580645,0.28387096774193554,run-09,,False,False,True,0.10272283401838431,0.21451851851851853,-0.20518675395716518
89,ff05f9191a3e6caa60557ab3416c93589482f642e547b366c7cd5b939a563fa1,ALKKFQQGARKGPIKMLERA,126,0.95288271729630369,0.95288271729630369,83,0.30000000000000004,0.82759444556667328,138,0.58064516129032251,0.21935483870967754,run-10,,False,False,True,0.090834286475595605,0.2065199615199616,-0.28799083075353915
90,7b8edb9c309822ef8646bd8b66386d15be79460bee5ebe9fa31abe723fb0bb0f,MQRFKTRERFANKQVNQIFHL,127,0.95280021680130078,0.95280021680130078,43,0.23809523809523814,0.83371067131164689,113,0.53658536585365857,0.26341463414634148,run-09,,False,False,True,0.094971472800238918,0.21593626743626748,-0.25031082255465104
91,0f8b0100f58e5f0791d3293f262a16c685b36eee3e002b759b50a403f9a75b8c,NKHGKWTGAYIKARNAFQ,129,0.9527322163932983,0.9527322163932983,64,0.27777777777777779,0.82968121697619068,142,0.5714285714285714,0.22857142857142865,run-09,,False,False,True,0.065533897216898951,0.23200998075998092,-0.30976021745637228
92,e5c3d077a0ea0245039779c64c309d28876c1b11e872ee85e70a00eff4ad9d3c,LLKMVNNHVPGIKLGK,132,0.95252571515429096,0.95252571515429096,97,0.31578947368421051,0.82569419627044083,15,0.64285714285714279,0.15714285714285725,run-02,,False,False,True,0.10296475361800989,0.18971693121693134,-0.28320723799683806
93,c7c24fc94df630eea931c09a54549b0ccbf345476f6706c3847890357d943310,RKIKKNVPSAMADMANS,134,0.95249021494128971,0.95249021494128971,98,0.31578947368421051,0.82566224607873973,119,0.55172413793103448,0.24827586206896557,run-10,,False,False,True,0.042428422099913328,0.26807142857142896,-0.2673510540153014
94,e2e252171187d8435273f4f8b536da0673684444cc721b43378af9aa1c8ad821,WNTMRHRRFKQGMDWWKMM,140,0.95211821270927621,0.95211821270927621,58,0.26315789473684215,0.83059060196466439,241,0.5714285714285714,0.22857142857142865,run-06,,False,False,True,0.11816419136011709,0.21395683020683029,-0.11299392312567319
95,a12e94957227bba705d9fef7fa7544e05c6890bf2dd37f02d283a21e6c612741,WTELWNKAAELQKWRWRR,141,0.95204971229827373,0.95204971229827373,65,0.27272727272727271,0.8295720137957191,255,0.58064516129032251,0.21935483870967754,run-06,,False,False,True,0.097249550051488831,0.23365091390091408,-0.16562580665883134
96,08bb4e9a2607277d724882716232da58a3b25a79c0e46805007700467b2ba22b,NWKENGGRMMGMAAQQRWKL,142,0.95199471196827179,0.95199471196827179,54,0.25,0.83179524077144462,20,0.5,0.30000000000000004,run-06,,False,False,True,0.043013939274327527,0.24096981721981725,-0.35695524619337277
97,e64db0934ceb2be02c3ebaf424e98d55da04a14d7774bb681b5352ce8cfe080d,LMGTPATVIMKKKPAIKG,150,0.95145270871625232,0.95145270871625232,75,0.27777777777777779,0.82852966006684936,239,0.625,0.17500000000000004,run-08,,False,False,True,0.13287269489698794,0.17125325600325605,-0.17026232704995328
98,fef746945a82aad3863d04806493eab967dbca14bfeda7802270253b4d9ef1f6,NFWEMYRKRLGFKQQF,159,0.95096670580023479,0.95096670580023479,84,0.2857142857142857,0.82729860664878274,209,0.55172413793103448,0.24827586206896557,run-06,,False,False,True,0.090337766005174791,0.22441017316017317,-0.26722509577856007
99,2127263924eb7ecfa8b92011adbe78970d806582be8626bf1bdea8d1697dae3b,KGAKTIQNVVVAPFKQGL,175,0.94985069910419462,0.94985069910419462,92,0.2857142857142857,0.8262942006223466,131,0.55555555555555558,0.24444444444444446,run-08,,False,False,True,0.11740293810382409,0.185734126984127,-0.26118883177970509
100,51ce894dcec62554e4d823db6cee23172968077c737ce8e00fd0ea59d3a57bad,PKAKALEHYNKGFMPGFR,195,0.94883969303815818,0.94883969303815818,93,0.27777777777777779,0.82617794595656457,157,0.5714285714285714,0.22857142857142865,run-08,,False,False,True,0.048635939815924498,0.24688924963924974,-0.35372101333959144
