peptide_id,sequence,modification,strain,strain_type,mic,mic_unit,mic_relation,medium,cfu_per_ml,ph,salt
AMP_diff2-1,LFGAIAKWLAKLLS,,Acinetobacter baumannii ATCC 19606,gram-,64.0,uM,=,MHB,,,
AMP_diff2-1,LFGAIAKWLAKLLS,,Escherichia coli ATCC 11775,gram-,64.0,uM,>,MHB,,,
AMP_diff2-1,LFGAIAKWLAKLLS,,Escherichia coli AIC221,gram-,64.0,uM,>,MHB,,,
AMP_diff2-1,LFGAIAKWLAKLLS,,Escherichia coli AIC222 (CRE),gram-,64.0,uM,>,MHB,,,
AMP_diff2-1,LFGAIAKWLAKLLS,,Klebsiella pneumoniae ATCC 13883,gram-,64.0,uM,>,MHB,,,
AMP_diff2-1,LFGAIAKWLAKLLS,,Pseudomonas aeruginosa PAO1,gram-,64.0,uM,>,MHB,,,
AMP_diff2-1,LFGAIAKWLAKLLS,,Pseudomonas aeruginosa PA14,gram-,64.0,uM,>,MHB,,,
AMP_diff2-1,LFGAIAKWLAKLLS,,Staphylococcus aureus ATCC 12600,gram+,64.0,uM,>,MHB,,,
AMP_diff2-1,LFGAIAKWLAKLLS,,Staphylococcus aureus ATCC BAA-1556 (MRSA),gram+,64.0,uM,>,MHB,,,
AMP_diff2-1,LFGAIAKWLAKLLS,,Enterococcus faecalis ATCC 700802 (VRE),gram+,64.0,uM,>,MHB,,,
AMP_diff2-1,LFGAIAKWLAKLLS,,Enterococcus faecium ATCC 700221 (VRE),gram+,64.0,uM,>,MHB,,,
AMP_diff2-2,RFRFRIRLRLWFW,,Acinetobacter baumannii ATCC 19606,gram-,64.0,uM,>,MHB,,,
AMP_diff2-2,RFRFRIRLRLWFW,,Escherichia coli ATCC 11775,gram-,64.0,uM,>,MHB,,,
AMP_diff2-2,RFRFRIRLRLWFW,,Escherichia coli AIC221,gram-,64.0,uM,>,MHB,,,
AMP_diff2-2,RFRFRIRLRLWFW,,Escherichia coli AIC222 (CRE),gram-,64.0,uM,>,MHB,,,
AMP_diff2-2,RFRFRIRLRLWFW,,Klebsiella pneumoniae ATCC 13883,gram-,64.0,uM,>,MHB,,,
AMP_diff2-2,RFRFRIRLRLWFW,,Pseudomonas aeruginosa PAO1,gram-,64.0,uM,>,MHB,,,
AMP_diff2-2,RFRFRIRLRLWFW,,Pseudomonas aeruginosa PA14,gram-,64.0,uM,>,MHB,,,
AMP_diff2-2,RFRFRIRLRLWFW,,Staphylococcus aureus ATCC 12600,gram+,64.0,uM,>,MHB,,,
AMP_diff2-2,RFRFRIRLRLWFW,,Staphylococcus aureus ATCC BAA-1556 (MRSA),gram+,64.0,uM,>,MHB,,,
AMP_diff2-2,RFRFRIRLRLWFW,,Enterococcus faecalis ATCC 700802 (VRE),gram+,64.0,uM,>,MHB,,,
AMP_diff2-2,RFRFRIRLRLWFW,,Enterococcus faecium ATCC 700221 (VRE),gram+,64.0,uM,>,MHB,,,
AMP_diff2-3,MWRLKKWLRLLRWRF,,Acinetobacter baumannii ATCC 19606,gram-,4.0,uM,=,MHB,,,
AMP_diff2-3,MWRLKKWLRLLRWRF,,Escherichia coli ATCC 11775,gram-,16.0,uM,=,MHB,,,
AMP_diff2-3,MWRLKKWLRLLRWRF,,Escherichia coli AIC221,gram-,16.0,uM,=,MHB,,,
AMP_diff2-3,MWRLKKWLRLLRWRF,,Escherichia coli AIC222 (CRE),gram-,16.0,uM,=,MHB,,,
AMP_diff2-3,MWRLKKWLRLLRWRF,,Klebsiella pneumoniae ATCC 13883,gram-,16.0,uM,=,MHB,,,
AMP_diff2-3,MWRLKKWLRLLRWRF,,Pseudomonas aeruginosa PAO1,gram-,32.0,uM,=,MHB,,,
AMP_diff2-3,MWRLKKWLRLLRWRF,,Pseudomonas aeruginosa PA14,gram-,32.0,uM,=,MHB,,,
AMP_diff2-3,MWRLKKWLRLLRWRF,,Staphylococcus aureus ATCC 12600,gram+,32.0,uM,=,MHB,,,
AMP_diff2-3,MWRLKKWLRLLRWRF,,Staphylococcus aureus ATCC BAA-1556 (MRSA),gram+,32.0,uM,=,MHB,,,
AMP_diff2-3,MWRLKKWLRLLRWRF,,Enterococcus faecalis ATCC 700802 (VRE),gram+,64.0,uM,>,MHB,,,
AMP_diff2-3,MWRLKKWLRLLRWRF,,Enterococcus faecium ATCC 700221 (VRE),gram+,1.0,uM,=,MHB,,,
AMP_diff2-4,MKFKKILKIGLGKLKNLALKLLKVLK,,Acinetobacter baumannii ATCC 19606,gram-,16.0,uM,=,MHB,,,
AMP_diff2-4,MKFKKILKIGLGKLKNLALKLLKVLK,,Escherichia coli ATCC 11775,gram-,16.0,uM,=,MHB,,,
AMP_diff2-4,MKFKKILKIGLGKLKNLALKLLKVLK,,Escherichia coli AIC221,gram-,16.0,uM,=,MHB,,,
AMP_diff2-4,MKFKKILKIGLGKLKNLALKLLKVLK,,Escherichia coli AIC222 (CRE),gram-,16.0,uM,=,MHB,,,
AMP_diff2-4,MKFKKILKIGLGKLKNLALKLLKVLK,,Klebsiella pneumoniae ATCC 13883,gram-,4.0,uM,=,MHB,,,
AMP_diff2-4,MKFKKILKIGLGKLKNLALKLLKVLK,,Pseudomonas aeruginosa PAO1,gram-,16.0,uM,=,MHB,,,
AMP_diff2-4,MKFKKILKIGLGKLKNLALKLLKVLK,,Pseudomonas aeruginosa PA14,gram-,16.0,uM,=,MHB,,,
AMP_diff2-4,MKFKKILKIGLGKLKNLALKLLKVLK,,Staphylococcus aureus ATCC 12600,gram+,64.0,uM,=,MHB,,,
AMP_diff2-4,MKFKKILKIGLGKLKNLALKLLKVLK,,Staphylococcus aureus ATCC BAA-1556 (MRSA),gram+,64.0,uM,=,MHB,,,
AMP_diff2-4,MKFKKILKIGLGKLKNLALKLLKVLK,,Enterococcus faecalis ATCC 700802 (VRE),gram+,64.0,uM,>,MHB,,,
AMP_diff2-4,MKFKKILKIGLGKLKNLALKLLKVLK,,Enterococcus faecium ATCC 700221 (VRE),gram+,16.0,uM,=,MHB,,,
AMP_diff2-5,MFRKIWRIHRIL,,Acinetobacter baumannii ATCC 19606,gram-,64.0,uM,>,MHB,,,
AMP_diff2-5,MFRKIWRIHRIL,,Escherichia coli ATCC 11775,gram-,64.0,uM,>,MHB,,,
AMP_diff2-5,MFRKIWRIHRIL,,Escherichia coli AIC221,gram-,32.0,uM,=,MHB,,,
AMP_diff2-5,MFRKIWRIHRIL,,Escherichia coli AIC222 (CRE),gram-,16.0,uM,=,MHB,,,
AMP_diff2-5,MFRKIWRIHRIL,,Klebsiella pneumoniae ATCC 13883,gram-,64.0,uM,>,MHB,,,
AMP_diff2-5,MFRKIWRIHRIL,,Pseudomonas aeruginosa PAO1,gram-,32.0,uM,=,MHB,,,
AMP_diff2-5,MFRKIWRIHRIL,,Pseudomonas aeruginosa PA14,gram-,64.0,uM,=,MHB,,,
AMP_diff2-5,MFRKIWRIHRIL,,Staphylococcus aureus ATCC 12600,gram+,64.0,uM,>,MHB,,,
AMP_diff2-5,MFRKIWRIHRIL,,Staphylococcus aureus ATCC BAA-1556 (MRSA),gram+,64.0,uM,>,MHB,,,
AMP_diff2-5,MFRKIWRIHRIL,,Enterococcus faecalis ATCC 700802 (VRE),gram+,64.0,uM,>,MHB,,,
AMP_diff2-5,MFRKIWRIHRIL,,Enterococcus faecium ATCC 700221 (VRE),gram+,8.0,uM,=,MHB,,,
AMP_diff2-6,LFKLLRRIWKLFKRLFKLIRKF,,Acinetobacter baumannii ATCC 19606,gram-,64.0,uM,>,MHB,,,
AMP_diff2-6,LFKLLRRIWKLFKRLFKLIRKF,,Escherichia coli ATCC 11775,gram-,64.0,uM,>,MHB,,,
AMP_diff2-6,LFKLLRRIWKLFKRLFKLIRKF,,Escherichia coli AIC221,gram-,64.0,uM,>,MHB,,,
AMP_diff2-6,LFKLLRRIWKLFKRLFKLIRKF,,Escherichia coli AIC222 (CRE),gram-,64.0,uM,>,MHB,,,
AMP_diff2-6,LFKLLRRIWKLFKRLFKLIRKF,,Klebsiella pneumoniae ATCC 13883,gram-,64.0,uM,>,MHB,,,
AMP_diff2-6,LFKLLRRIWKLFKRLFKLIRKF,,Pseudomonas aeruginosa PAO1,gram-,64.0,uM,>,MHB,,,
AMP_diff2-6,LFKLLRRIWKLFKRLFKLIRKF,,Pseudomonas aeruginosa PA14,gram-,64.0,uM,>,MHB,,,
AMP_diff2-6,LFKLLRRIWKLFKRLFKLIRKF,,Staphylococcus aureus ATCC 12600,gram+,64.0,uM,>,MHB,,,
AMP_diff2-6,LFKLLRRIWKLFKRLFKLIRKF,,Staphylococcus aureus ATCC BAA-1556 (MRSA),gram+,64.0,uM,>,MHB,,,
AMP_diff2-6,LFKLLRRIWKLFKRLFKLIRKF,,Enterococcus faecalis ATCC 700802 (VRE),gram+,64.0,uM,>,MHB,,,
AMP_diff2-6,LFKLLRRIWKLFKRLFKLIRKF,,Enterococcus faecium ATCC 700221 (VRE),gram+,64.0,uM,>,MHB,,,
AMP_diff2-7,LKRLKLRKLILLLLRKLLLKLKKLLK,,Acinetobacter baumannii ATCC 19606,gram-,64.0,uM,=,MHB,,,
AMP_diff2-7,LKRLKLRKLILLLLRKLLLKLKKLLK,,Escherichia coli ATCC 11775,gram-,64.0,uM,>,MHB,,,
AMP_diff2-7,LKRLKLRKLILLLLRKLLLKLKKLLK,,Escherichia coli AIC221,gram-,64.0,uM,>,MHB,,,
AMP_diff2-7,LKRLKLRKLILLLLRKLLLKLKKLLK,,Escherichia coli AIC222 (CRE),gram-,64.0,uM,=,MHB,,,
AMP_diff2-7,LKRLKLRKLILLLLRKLLLKLKKLLK,,Klebsiella pneumoniae ATCC 13883,gram-,64.0,uM,=,MHB,,,
AMP_diff2-7,LKRLKLRKLILLLLRKLLLKLKKLLK,,Pseudomonas aeruginosa PAO1,gram-,64.0,uM,>,MHB,,,
AMP_diff2-7,LKRLKLRKLILLLLRKLLLKLKKLLK,,Pseudomonas aeruginosa PA14,gram-,64.0,uM,>,MHB,,,
AMP_diff2-7,LKRLKLRKLILLLLRKLLLKLKKLLK,,Staphylococcus aureus ATCC 12600,gram+,64.0,uM,>,MHB,,,
AMP_diff2-7,LKRLKLRKLILLLLRKLLLKLKKLLK,,Staphylococcus aureus ATCC BAA-1556 (MRSA),gram+,64.0,uM,>,MHB,,,
AMP_diff2-7,LKRLKLRKLILLLLRKLLLKLKKLLK,,Enterococcus faecalis ATCC 700802 (VRE),gram+,64.0,uM,>,MHB,,,
AMP_diff2-7,LKRLKLRKLILLLLRKLLLKLKKLLK,,Enterococcus faecium ATCC 700221 (VRE),gram+,32.0,uM,=,MHB,,,
AMP_diff2-8,MFARPIARKILRALFK,,Acinetobacter baumannii ATCC 19606,gram-,4.0,uM,=,MHB,,,
AMP_diff2-8,MFARPIARKILRALFK,,Escherichia coli ATCC 11775,gram-,64.0,uM,>,MHB,,,
AMP_diff2-8,MFARPIARKILRALFK,,Escherichia coli AIC221,gram-,32.0,uM,=,MHB,,,
AMP_diff2-8,MFARPIARKILRALFK,,Escherichia coli AIC222 (CRE),gram-,64.0,uM,=,MHB,,,
AMP_diff2-8,MFARPIARKILRALFK,,Klebsiella pneumoniae ATCC 13883,gram-,8.0,uM,=,MHB,,,
AMP_diff2-8,MFARPIARKILRALFK,,Pseudomonas aeruginosa PAO1,gram-,64.0,uM,=,MHB,,,
AMP_diff2-8,MFARPIARKILRALFK,,Pseudomonas aeruginosa PA14,gram-,32.0,uM,=,MHB,,,
AMP_diff2-8,MFARPIARKILRALFK,,Staphylococcus aureus ATCC 12600,gram+,64.0,uM,>,MHB,,,
AMP_diff2-8,MFARPIARKILRALFK,,Staphylococcus aureus ATCC BAA-1556 (MRSA),gram+,64.0,uM,>,MHB,,,
AMP_diff2-8,MFARPIARKILRALFK,,Enterococcus faecalis ATCC 700802 (VRE),gram+,64.0,uM,>,MHB,,,
AMP_diff2-8,MFARPIARKILRALFK,,Enterococcus faecium ATCC 700221 (VRE),gram+,16.0,uM,=,MHB,,,
AMP_diff2-9,LWRLLRRIGRLILRGFRW,,Acinetobacter baumannii ATCC 19606,gram-,8.0,uM,=,MHB,,,
AMP_diff2-9,LWRLLRRIGRLILRGFRW,,Escherichia coli ATCC 11775,gram-,64.0,uM,>,MHB,,,
AMP_diff2-9,LWRLLRRIGRLILRGFRW,,Escherichia coli AIC221,gram-,64.0,uM,>,MHB,,,
AMP_diff2-9,LWRLLRRIGRLILRGFRW,,Escherichia coli AIC222 (CRE),gram-,64.0,uM,>,MHB,,,
AMP_diff2-9,LWRLLRRIGRLILRGFRW,,Klebsiella pneumoniae ATCC 13883,gram-,2.0,uM,=,MHB,,,
AMP_diff2-9,LWRLLRRIGRLILRGFRW,,Pseudomonas aeruginosa PAO1,gram-,64.0,uM,>,MHB,,,
AMP_diff2-9,LWRLLRRIGRLILRGFRW,,Pseudomonas aeruginosa PA14,gram-,64.0,uM,>,MHB,,,
AMP_diff2-9,LWRLLRRIGRLILRGFRW,,Staphylococcus aureus ATCC 12600,gram+,16.0,uM,=,MHB,,,
AMP_diff2-9,LWRLLRRIGRLILRGFRW,,Staphylococcus aureus ATCC BAA-1556 (MRSA),gram+,32.0,uM,=,MHB,,,
AMP_diff2-9,LWRLLRRIGRLILRGFRW,,Enterococcus faecalis ATCC 700802 (VRE),gram+,64.0,uM,>,MHB,,,
AMP_diff2-9,LWRLLRRIGRLILRGFRW,,Enterococcus faecium ATCC 700221 (VRE),gram+,2.0,uM,=,MHB,,,
AMP_diff2-10,MGKRLIKIMRIGLKKLFK,,Acinetobacter baumannii ATCC 19606,gram-,1.0,uM,=,MHB,,,
AMP_diff2-10,MGKRLIKIMRIGLKKLFK,,Escherichia coli ATCC 11775,gram-,16.0,uM,=,MHB,,,
AMP_diff2-10,MGKRLIKIMRIGLKKLFK,,Escherichia coli AIC221,gram-,4.0,uM,=,MHB,,,
AMP_diff2-10,MGKRLIKIMRIGLKKLFK,,Escherichia coli AIC222 (CRE),gram-,2.0,uM,=,MHB,,,
AMP_diff2-10,MGKRLIKIMRIGLKKLFK,,Klebsiella pneumoniae ATCC 13883,gram-,32.0,uM,=,MHB,,,
AMP_diff2-10,MGKRLIKIMRIGLKKLFK,,Pseudomonas aeruginosa PAO1,gram-,8.0,uM,=,MHB,,,
AMP_diff2-10,MGKRLIKIMRIGLKKLFK,,Pseudomonas aeruginosa PA14,gram-,4.0,uM,=,MHB,,,
AMP_diff2-10,MGKRLIKIMRIGLKKLFK,,Staphylococcus aureus ATCC 12600,gram+,32.0,uM,=,MHB,,,
AMP_diff2-10,MGKRLIKIMRIGLKKLFK,,Staphylococcus aureus ATCC BAA-1556 (MRSA),gram+,64.0,uM,=,MHB,,,
AMP_diff2-10,MGKRLIKIMRIGLKKLFK,,Enterococcus faecalis ATCC 700802 (VRE),gram+,64.0,uM,>,MHB,,,
AMP_diff2-10,MGKRLIKIMRIGLKKLFK,,Enterococcus faecium ATCC 700221 (VRE),gram+,2.0,uM,=,MHB,,,
AMP_diff2-11,RLLWWRVSGRLLF,,Acinetobacter baumannii ATCC 19606,gram-,64.0,uM,>,MHB,,,
AMP_diff2-11,RLLWWRVSGRLLF,,Escherichia coli ATCC 11775,gram-,64.0,uM,>,MHB,,,
AMP_diff2-11,RLLWWRVSGRLLF,,Escherichia coli AIC221,gram-,64.0,uM,>,MHB,,,
AMP_diff2-11,RLLWWRVSGRLLF,,Escherichia coli AIC222 (CRE),gram-,64.0,uM,>,MHB,,,
AMP_diff2-11,RLLWWRVSGRLLF,,Klebsiella pneumoniae ATCC 13883,gram-,64.0,uM,>,MHB,,,
AMP_diff2-11,RLLWWRVSGRLLF,,Pseudomonas aeruginosa PAO1,gram-,64.0,uM,>,MHB,,,
AMP_diff2-11,RLLWWRVSGRLLF,,Pseudomonas aeruginosa PA14,gram-,64.0,uM,>,MHB,,,
AMP_diff2-11,RLLWWRVSGRLLF,,Staphylococcus aureus ATCC 12600,gram+,64.0,uM,>,MHB,,,
AMP_diff2-11,RLLWWRVSGRLLF,,Staphylococcus aureus ATCC BAA-1556 (MRSA),gram+,64.0,uM,>,MHB,,,
AMP_diff2-11,RLLWWRVSGRLLF,,Enterococcus faecalis ATCC 700802 (VRE),gram+,8.0,uM,=,MHB,,,
AMP_diff2-11,RLLWWRVSGRLLF,,Enterococcus faecium ATCC 700221 (VRE),gram+,4.0,uM,=,MHB,,,
AMP_diff2-12,RFFHWFLLHLRRF,,Acinetobacter baumannii ATCC 19606,gram-,16.0,uM,=,MHB,,,
AMP_diff2-12,RFFHWFLLHLRRF,,Escherichia coli ATCC 11775,gram-,64.0,uM,>,MHB,,,
AMP_diff2-12,RFFHWFLLHLRRF,,Escherichia coli AIC221,gram-,64.0,uM,>,MHB,,,
AMP_diff2-12,RFFHWFLLHLRRF,,Escherichia coli AIC222 (CRE),gram-,64.0,uM,>,MHB,,,
AMP_diff2-12,RFFHWFLLHLRRF,,Klebsiella pneumoniae ATCC 13883,gram-,64.0,uM,=,MHB,,,
AMP_diff2-12,RFFHWFLLHLRRF,,Pseudomonas aeruginosa PAO1,gram-,64.0,uM,>,MHB,,,
AMP_diff2-12,RFFHWFLLHLRRF,,Pseudomonas aeruginosa PA14,gram-,64.0,uM,>,MHB,,,
AMP_diff2-12,RFFHWFLLHLRRF,,Staphylococcus aureus ATCC 12600,gram+,64.0,uM,>,MHB,,,
AMP_diff2-12,RFFHWFLLHLRRF,,Staphylococcus aureus ATCC BAA-1556 (MRSA),gram+,64.0,uM,>,MHB,,,
AMP_diff2-12,RFFHWFLLHLRRF,,Enterococcus faecalis ATCC 700802 (VRE),gram+,64.0,uM,=,MHB,,,
AMP_diff2-12,RFFHWFLLHLRRF,,Enterococcus faecium ATCC 700221 (VRE),gram+,2.0,uM,=,MHB,,,
AMP_diff2-13,MILQNILAKILRKLRAWYRNQWK,,Acinetobacter baumannii ATCC 19606,gram-,16.0,uM,=,MHB,,,
AMP_diff2-13,MILQNILAKILRKLRAWYRNQWK,,Escherichia coli ATCC 11775,gram-,64.0,uM,>,MHB,,,
AMP_diff2-13,MILQNILAKILRKLRAWYRNQWK,,Escherichia coli AIC221,gram-,64.0,uM,=,MHB,,,
AMP_diff2-13,MILQNILAKILRKLRAWYRNQWK,,Escherichia coli AIC222 (CRE),gram-,64.0,uM,=,MHB,,,
AMP_diff2-13,MILQNILAKILRKLRAWYRNQWK,,Klebsiella pneumoniae ATCC 13883,gram-,32.0,uM,=,MHB,,,
AMP_diff2-13,MILQNILAKILRKLRAWYRNQWK,,Pseudomonas aeruginosa PAO1,gram-,64.0,uM,>,MHB,,,
AMP_diff2-13,MILQNILAKILRKLRAWYRNQWK,,Pseudomonas aeruginosa PA14,gram-,64.0,uM,>,MHB,,,
AMP_diff2-13,MILQNILAKILRKLRAWYRNQWK,,Staphylococcus aureus ATCC 12600,gram+,32.0,uM,=,MHB,,,
AMP_diff2-13,MILQNILAKILRKLRAWYRNQWK,,Staphylococcus aureus ATCC BAA-1556 (MRSA),gram+,32.0,uM,=,MHB,,,
AMP_diff2-13,MILQNILAKILRKLRAWYRNQWK,,Enterococcus faecalis ATCC 700802 (VRE),gram+,32.0,uM,=,MHB,,,
AMP_diff2-13,MILQNILAKILRKLRAWYRNQWK,,Enterococcus faecium ATCC 700221 (VRE),gram+,1.0,uM,=,MHB,,,
AMP_diff2-14,MFWKWLIRRLIRLIRPLKTLLTRLRW,,Acinetobacter baumannii ATCC 19606,gram-,64.0,uM,>,MHB,,,
AMP_diff2-14,MFWKWLIRRLIRLIRPLKTLLTRLRW,,Escherichia coli ATCC 11775,gram-,64.0,uM,>,MHB,,,
AMP_diff2-14,MFWKWLIRRLIRLIRPLKTLLTRLRW,,Escherichia coli AIC221,gram-,64.0,uM,>,MHB,,,
AMP_diff2-14,MFWKWLIRRLIRLIRPLKTLLTRLRW,,Escherichia coli AIC222 (CRE),gram-,64.0,uM,>,MHB,,,
AMP_diff2-14,MFWKWLIRRLIRLIRPLKTLLTRLRW,,Klebsiella pneumoniae ATCC 13883,gram-,64.0,uM,>,MHB,,,
AMP_diff2-14,MFWKWLIRRLIRLIRPLKTLLTRLRW,,Pseudomonas aeruginosa PAO1,gram-,64.0,uM,>,MHB,,,
AMP_diff2-14,MFWKWLIRRLIRLIRPLKTLLTRLRW,,Pseudomonas aeruginosa PA14,gram-,64.0,uM,>,MHB,,,
AMP_diff2-14,MFWKWLIRRLIRLIRPLKTLLTRLRW,,Staphylococcus aureus ATCC 12600,gram+,64.0,uM,>,MHB,,,
AMP_diff2-14,MFWKWLIRRLIRLIRPLKTLLTRLRW,,Staphylococcus aureus ATCC BAA-1556 (MRSA),gram+,64.0,uM,>,MHB,,,
AMP_diff2-14,MFWKWLIRRLIRLIRPLKTLLTRLRW,,Enterococcus faecalis ATCC 700802 (VRE),gram+,64.0,uM,>,MHB,,,
AMP_diff2-14,MFWKWLIRRLIRLIRPLKTLLTRLRW,,Enterococcus faecium ATCC 700221 (VRE),gram+,64.0,uM,>,MHB,,,
AMP_diff2-15,MKMKWKLIRRIMW,,Acinetobacter baumannii ATCC 19606,gram-,2.0,uM,=,MHB,,,
AMP_diff2-15,MKMKWKLIRRIMW,,Escherichia coli ATCC 11775,gram-,32.0,uM,=,MHB,,,
AMP_diff2-15,MKMKWKLIRRIMW,,Escherichia coli AIC221,gram-,8.0,uM,=,MHB,,,
AMP_diff2-15,MKMKWKLIRRIMW,,Escherichia coli AIC222 (CRE),gram-,4.0,uM,=,MHB,,,
AMP_diff2-15,MKMKWKLIRRIMW,,Klebsiella pneumoniae ATCC 13883,gram-,4.0,uM,=,MHB,,,
AMP_diff2-15,MKMKWKLIRRIMW,,Pseudomonas aeruginosa PAO1,gram-,8.0,uM,=,MHB,,,
AMP_diff2-15,MKMKWKLIRRIMW,,Pseudomonas aeruginosa PA14,gram-,4.0,uM,=,MHB,,,
AMP_diff2-15,MKMKWKLIRRIMW,,Staphylococcus aureus ATCC 12600,gram+,64.0,uM,>,MHB,,,
AMP_diff2-15,MKMKWKLIRRIMW,,Staphylococcus aureus ATCC BAA-1556 (MRSA),gram+,64.0,uM,>,MHB,,,
AMP_diff2-15,MKMKWKLIRRIMW,,Enterococcus faecalis ATCC 700802 (VRE),gram+,64.0,uM,>,MHB,,,
AMP_diff2-15,MKMKWKLIRRIMW,,Enterococcus faecium ATCC 700221 (VRE),gram+,4.0,uM,=,MHB,,,
AMP_diff2-16,LKLLKKALLKLLALAALKLAKK,,Acinetobacter baumannii ATCC 19606,gram-,1.0,uM,=,MHB,,,
AMP_diff2-16,LKLLKKALLKLLALAALKLAKK,,Escherichia coli ATCC 11775,gram-,8.0,uM,=,MHB,,,
AMP_diff2-16,LKLLKKALLKLLALAALKLAKK,,Escherichia coli AIC221,gram-,2.0,uM,=,MHB,,,
AMP_diff2-16,LKLLKKALLKLLALAALKLAKK,,Escherichia coli AIC222 (CRE),gram-,1.0,uM,=,MHB,,,
AMP_diff2-16,LKLLKKALLKLLALAALKLAKK,,Klebsiella pneumoniae ATCC 13883,gram-,1.0,uM,=,MHB,,,
AMP_diff2-16,LKLLKKALLKLLALAALKLAKK,,Pseudomonas aeruginosa PAO1,gram-,32.0,uM,=,MHB,,,
AMP_diff2-16,LKLLKKALLKLLALAALKLAKK,,Pseudomonas aeruginosa PA14,gram-,2.0,uM,=,MHB,,,
AMP_diff2-16,LKLLKKALLKLLALAALKLAKK,,Staphylococcus aureus ATCC 12600,gram+,8.0,uM,=,MHB,,,
AMP_diff2-16,LKLLKKALLKLLALAALKLAKK,,Staphylococcus aureus ATCC BAA-1556 (MRSA),gram+,16.0,uM,=,MHB,,,
AMP_diff2-16,LKLLKKALLKLLALAALKLAKK,,Enterococcus faecalis ATCC 700802 (VRE),gram+,64.0,uM,>,MHB,,,
AMP_diff2-16,LKLLKKALLKLLALAALKLAKK,,Enterococcus faecium ATCC 700221 (VRE),gram+,2.0,uM,=,MHB,,,
AMP_diff2-17,MFFRRRRWHHFLGRLWRLFW,,Acinetobacter baumannii ATCC 19606,gram-,64.0,uM,>,MHB,,,
AMP_diff2-17,MFFRRRRWHHFLGRLWRLFW,,Escherichia coli ATCC 11775,gram-,64.0,uM,>,MHB,,,
AMP_diff2-17,MFFRRRRWHHFLGRLWRLFW,,Escherichia coli AIC221,gram-,64.0,uM,>,MHB,,,
AMP_diff2-17,MFFRRRRWHHFLGRLWRLFW,,Escherichia coli AIC222 (CRE),gram-,64.0,uM,>,MHB,,,
AMP_diff2-17,MFFRRRRWHHFLGRLWRLFW,,Klebsiella pneumoniae ATCC 13883,gram-,64.0,uM,>,MHB,,,
AMP_diff2-17,MFFRRRRWHHFLGRLWRLFW,,Pseudomonas aeruginosa PAO1,gram-,64.0,uM,>,MHB,,,
AMP_diff2-17,MFFRRRRWHHFLGRLWRLFW,,Pseudomonas aeruginosa PA14,gram-,64.0,uM,>,MHB,,,
AMP_diff2-17,MFFRRRRWHHFLGRLWRLFW,,Staphylococcus aureus ATCC 12600,gram+,64.0,uM,>,MHB,,,
AMP_diff2-17,MFFRRRRWHHFLGRLWRLFW,,Staphylococcus aureus ATCC BAA-1556 (MRSA),gram+,64.0,uM,>,MHB,,,
AMP_diff2-17,MFFRRRRWHHFLGRLWRLFW,,Enterococcus faecalis ATCC 700802 (VRE),gram+,64.0,uM,>,MHB,,,
AMP_diff2-17,MFFRRRRWHHFLGRLWRLFW,,Enterococcus faecium ATCC 700221 (VRE),gram+,64.0,uM,>,MHB,,,
AMP_diff2-18,ILGGILRGLLPIGGRLL,,Acinetobacter baumannii ATCC 19606,gram-,64.0,uM,>,MHB,,,
AMP_diff2-18,ILGGILRGLLPIGGRLL,,Escherichia coli ATCC 11775,gram-,64.0,uM,>,MHB,,,
AMP_diff2-18,ILGGILRGLLPIGGRLL,,Escherichia coli AIC221,gram-,64.0,uM,>,MHB,,,
AMP_diff2-18,ILGGILRGLLPIGGRLL,,Escherichia coli AIC222 (CRE),gram-,64.0,uM,>,MHB,,,
AMP_diff2-18,ILGGILRGLLPIGGRLL,,Klebsiella pneumoniae ATCC 13883,gram-,64.0,uM,>,MHB,,,
AMP_diff2-18,ILGGILRGLLPIGGRLL,,Pseudomonas aeruginosa PAO1,gram-,64.0,uM,>,MHB,,,
AMP_diff2-18,ILGGILRGLLPIGGRLL,,Pseudomonas aeruginosa PA14,gram-,64.0,uM,>,MHB,,,
AMP_diff2-18,ILGGILRGLLPIGGRLL,,Staphylococcus aureus ATCC 12600,gram+,64.0,uM,>,MHB,,,
AMP_diff2-18,ILGGILRGLLPIGGRLL,,Staphylococcus aureus ATCC BAA-1556 (MRSA),gram+,64.0,uM,>,MHB,,,
AMP_diff2-18,ILGGILRGLLPIGGRLL,,Enterococcus faecalis ATCC 700802 (VRE),gram+,64.0,uM,>,MHB,,,
AMP_diff2-18,ILGGILRGLLPIGGRLL,,Enterococcus faecium ATCC 700221 (VRE),gram+,64.0,uM,>,MHB,,,
AMP_diff2-19,GLLSLLGKVIKGLLSGLK,,Acinetobacter baumannii ATCC 19606,gram-,8.0,uM,=,MHB,,,
AMP_diff2-19,GLLSLLGKVIKGLLSGLK,,Escherichia coli ATCC 11775,gram-,64.0,uM,>,MHB,,,
AMP_diff2-19,GLLSLLGKVIKGLLSGLK,,Escherichia coli AIC221,gram-,64.0,uM,>,MHB,,,
AMP_diff2-19,GLLSLLGKVIKGLLSGLK,,Escherichia coli AIC222 (CRE),gram-,64.0,uM,>,MHB,,,
AMP_diff2-19,GLLSLLGKVIKGLLSGLK,,Klebsiella pneumoniae ATCC 13883,gram-,64.0,uM,>,MHB,,,
AMP_diff2-19,GLLSLLGKVIKGLLSGLK,,Pseudomonas aeruginosa PAO1,gram-,64.0,uM,>,MHB,,,
AMP_diff2-19,GLLSLLGKVIKGLLSGLK,,Pseudomonas aeruginosa PA14,gram-,64.0,uM,>,MHB,,,
AMP_diff2-19,GLLSLLGKVIKGLLSGLK,,Staphylococcus aureus ATCC 12600,gram+,64.0,uM,>,MHB,,,
AMP_diff2-19,GLLSLLGKVIKGLLSGLK,,Staphylococcus aureus ATCC BAA-1556 (MRSA),gram+,64.0,uM,>,MHB,,,
AMP_diff2-19,GLLSLLGKVIKGLLSGLK,,Enterococcus faecalis ATCC 700802 (VRE),gram+,64.0,uM,>,MHB,,,
AMP_diff2-19,GLLSLLGKVIKGLLSGLK,,Enterococcus faecium ATCC 700221 (VRE),gram+,16.0,uM,=,MHB,,,
AMP_diff2-20,ILGILKNAAKFVLKIAK,,Acinetobacter baumannii ATCC 19606,gram-,4.0,uM,=,MHB,,,
AMP_diff2-20,ILGILKNAAKFVLKIAK,,Escherichia coli ATCC 11775,gram-,16.0,uM,=,MHB,,,
AMP_diff2-20,ILGILKNAAKFVLKIAK,,Escherichia coli AIC221,gram-,8.0,uM,=,MHB,,,
AMP_diff2-20,ILGILKNAAKFVLKIAK,,Escherichia coli AIC222 (CRE),gram-,4.0,uM,=,MHB,,,
AMP_diff2-20,ILGILKNAAKFVLKIAK,,Klebsiella pneumoniae ATCC 13883,gram-,32.0,uM,=,MHB,,,
AMP_diff2-20,ILGILKNAAKFVLKIAK,,Pseudomonas aeruginosa PAO1,gram-,64.0,uM,=,MHB,,,
AMP_diff2-20,ILGILKNAAKFVLKIAK,,Pseudomonas aeruginosa PA14,gram-,64.0,uM,=,MHB,,,
AMP_diff2-20,ILGILKNAAKFVLKIAK,,Staphylococcus aureus ATCC 12600,gram+,64.0,uM,>,MHB,,,
AMP_diff2-20,ILGILKNAAKFVLKIAK,,Staphylococcus aureus ATCC BAA-1556 (MRSA),gram+,64.0,uM,>,MHB,,,
AMP_diff2-20,ILGILKNAAKFVLKIAK,,Enterococcus faecalis ATCC 700802 (VRE),gram+,64.0,uM,>,MHB,,,
AMP_diff2-20,ILGILKNAAKFVLKIAK,,Enterococcus faecium ATCC 700221 (VRE),gram+,16.0,uM,=,MHB,,,
AMP_diff2-21,KKLGLKKPKKILGLKKPKKFLG,,Acinetobacter baumannii ATCC 19606,gram-,64.0,uM,>,MHB,,,
AMP_diff2-21,KKLGLKKPKKILGLKKPKKFLG,,Escherichia coli ATCC 11775,gram-,64.0,uM,>,MHB,,,
AMP_diff2-21,KKLGLKKPKKILGLKKPKKFLG,,Escherichia coli AIC221,gram-,64.0,uM,>,MHB,,,
AMP_diff2-21,KKLGLKKPKKILGLKKPKKFLG,,Escherichia coli AIC222 (CRE),gram-,64.0,uM,>,MHB,,,
AMP_diff2-21,KKLGLKKPKKILGLKKPKKFLG,,Klebsiella pneumoniae ATCC 13883,gram-,64.0,uM,>,MHB,,,
AMP_diff2-21,KKLGLKKPKKILGLKKPKKFLG,,Pseudomonas aeruginosa PAO1,gram-,64.0,uM,>,MHB,,,
AMP_diff2-21,KKLGLKKPKKILGLKKPKKFLG,,Pseudomonas aeruginosa PA14,gram-,64.0,uM,>,MHB,,,
AMP_diff2-21,KKLGLKKPKKILGLKKPKKFLG,,Staphylococcus aureus ATCC 12600,gram+,64.0,uM,>,MHB,,,
AMP_diff2-21,KKLGLKKPKKILGLKKPKKFLG,,Staphylococcus aureus ATCC BAA-1556 (MRSA),gram+,64.0,uM,>,MHB,,,
AMP_diff2-21,KKLGLKKPKKILGLKKPKKFLG,,Enterococcus faecalis ATCC 700802 (VRE),gram+,64.0,uM,>,MHB,,,
AMP_diff2-21,KKLGLKKPKKILGLKKPKKFLG,,Enterococcus faecium ATCC 700221 (VRE),gram+,64.0,uM,>,MHB,,,
AMP_diff2-22,MRWLRWLGLFTRLLLKKWLRKWLRRL,,Acinetobacter baumannii ATCC 19606,gram-,64.0,uM,>,MHB,,,
AMP_diff2-22,MRWLRWLGLFTRLLLKKWLRKWLRRL,,Escherichia coli ATCC 11775,gram-,64.0,uM,>,MHB,,,
AMP_diff2-22,MRWLRWLGLFTRLLLKKWLRKWLRRL,,Escherichia coli AIC221,gram-,64.0,uM,>,MHB,,,
AMP_diff2-22,MRWLRWLGLFTRLLLKKWLRKWLRRL,,Escherichia coli AIC222 (CRE),gram-,64.0,uM,>,MHB,,,
AMP_diff2-22,MRWLRWLGLFTRLLLKKWLRKWLRRL,,Klebsiella pneumoniae ATCC 13883,gram-,64.0,uM,>,MHB,,,
AMP_diff2-22,MRWLRWLGLFTRLLLKKWLRKWLRRL,,Pseudomonas aeruginosa PAO1,gram-,64.0,uM,>,MHB,,,
AMP_diff2-22,MRWLRWLGLFTRLLLKKWLRKWLRRL,,Pseudomonas aeruginosa PA14,gram-,64.0,uM,>,MHB,,,
AMP_diff2-22,MRWLRWLGLFTRLLLKKWLRKWLRRL,,Staphylococcus aureus ATCC 12600,gram+,64.0,uM,>,MHB,,,
AMP_diff2-22,MRWLRWLGLFTRLLLKKWLRKWLRRL,,Staphylococcus aureus ATCC BAA-1556 (MRSA),gram+,64.0,uM,>,MHB,,,
AMP_diff2-22,MRWLRWLGLFTRLLLKKWLRKWLRRL,,Enterococcus faecalis ATCC 700802 (VRE),gram+,64.0,uM,>,MHB,,,
AMP_diff2-22,MRWLRWLGLFTRLLLKKWLRKWLRRL,,Enterococcus faecium ATCC 700221 (VRE),gram+,64.0,uM,>,MHB,,,
AMP_diff2-23,LLRKLWAAWLLRRRVLL,,Acinetobacter baumannii ATCC 19606,gram-,1.0,uM,=,MHB,,,
AMP_diff2-23,LLRKLWAAWLLRRRVLL,,Escherichia coli ATCC 11775,gram-,64.0,uM,>,MHB,,,
AMP_diff2-23,LLRKLWAAWLLRRRVLL,,Escherichia coli AIC221,gram-,4.0,uM,=,MHB,,,
AMP_diff2-23,LLRKLWAAWLLRRRVLL,,Escherichia coli AIC222 (CRE),gram-,2.0,uM,=,MHB,,,
AMP_diff2-23,LLRKLWAAWLLRRRVLL,,Klebsiella pneumoniae ATCC 13883,gram-,4.0,uM,=,MHB,,,
AMP_diff2-23,LLRKLWAAWLLRRRVLL,,Pseudomonas aeruginosa PAO1,gram-,64.0,uM,>,MHB,,,
AMP_diff2-23,LLRKLWAAWLLRRRVLL,,Pseudomonas aeruginosa PA14,gram-,64.0,uM,>,MHB,,,
AMP_diff2-23,LLRKLWAAWLLRRRVLL,,Staphylococcus aureus ATCC 12600,gram+,64.0,uM,>,MHB,,,
AMP_diff2-23,LLRKLWAAWLLRRRVLL,,Staphylococcus aureus ATCC BAA-1556 (MRSA),gram+,64.0,uM,>,MHB,,,
AMP_diff2-23,LLRKLWAAWLLRRRVLL,,Enterococcus faecalis ATCC 700802 (VRE),gram+,64.0,uM,>,MHB,,,
AMP_diff2-23,LLRKLWAAWLLRRRVLL,,Enterococcus faecium ATCC 700221 (VRE),gram+,1.0,uM,=,MHB,,,
AMP_diff2-24,MIRAWGHLGARLIKALKRLIKILKNL,,Acinetobacter baumannii ATCC 19606,gram-,8.0,uM,=,MHB,,,
AMP_diff2-24,MIRAWGHLGARLIKALKRLIKILKNL,,Escherichia coli ATCC 11775,gram-,64.0,uM,=,MHB,,,
AMP_diff2-24,MIRAWGHLGARLIKALKRLIKILKNL,,Escherichia coli AIC221,gram-,32.0,uM,=,MHB,,,
AMP_diff2-24,MIRAWGHLGARLIKALKRLIKILKNL,,Escherichia coli AIC222 (CRE),gram-,64.0,uM,>,MHB,,,
AMP_diff2-24,MIRAWGHLGARLIKALKRLIKILKNL,,Klebsiella pneumoniae ATCC 13883,gram-,32.0,uM,=,MHB,,,
AMP_diff2-24,MIRAWGHLGARLIKALKRLIKILKNL,,Pseudomonas aeruginosa PAO1,gram-,64.0,uM,>,MHB,,,
AMP_diff2-24,MIRAWGHLGARLIKALKRLIKILKNL,,Pseudomonas aeruginosa PA14,gram-,64.0,uM,>,MHB,,,
AMP_diff2-24,MIRAWGHLGARLIKALKRLIKILKNL,,Staphylococcus aureus ATCC 12600,gram+,64.0,uM,>,MHB,,,
AMP_diff2-24,MIRAWGHLGARLIKALKRLIKILKNL,,Staphylococcus aureus ATCC BAA-1556 (MRSA),gram+,64.0,uM,>,MHB,,,
AMP_diff2-24,MIRAWGHLGARLIKALKRLIKILKNL,,Enterococcus faecalis ATCC 700802 (VRE),gram+,64.0,uM,>,MHB,,,
AMP_diff2-24,MIRAWGHLGARLIKALKRLIKILKNL,,Enterococcus faecium ATCC 700221 (VRE),gram+,32.0,uM,=,MHB,,,
AMP_diff2-25,LKKVLKRILQWLKKVLKNWQRW,,Acinetobacter baumannii ATCC 19606,gram-,2.0,uM,=,MHB,,,
AMP_diff2-25,LKKVLKRILQWLKKVLKNWQRW,,Escherichia coli ATCC 11775,gram-,64.0,uM,=,MHB,,,
AMP_diff2-25,LKKVLKRILQWLKKVLKNWQRW,,Escherichia coli AIC221,gram-,16.0,uM,=,MHB,,,
AMP_diff2-25,LKKVLKRILQWLKKVLKNWQRW,,Escherichia coli AIC222 (CRE),gram-,16.0,uM,=,MHB,,,
AMP_diff2-25,LKKVLKRILQWLKKVLKNWQRW,,Klebsiella pneumoniae ATCC 13883,gram-,16.0,uM,=,MHB,,,
AMP_diff2-25,LKKVLKRILQWLKKVLKNWQRW,,Pseudomonas aeruginosa PAO1,gram-,64.0,uM,=,MHB,,,
AMP_diff2-25,LKKVLKRILQWLKKVLKNWQRW,,Pseudomonas aeruginosa PA14,gram-,32.0,uM,=,MHB,,,
AMP_diff2-25,LKKVLKRILQWLKKVLKNWQRW,,Staphylococcus aureus ATCC 12600,gram+,16.0,uM,=,MHB,,,
AMP_diff2-25,LKKVLKRILQWLKKVLKNWQRW,,Staphylococcus aureus ATCC BAA-1556 (MRSA),gram+,16.0,uM,=,MHB,,,
AMP_diff2-25,LKKVLKRILQWLKKVLKNWQRW,,Enterococcus faecalis ATCC 700802 (VRE),gram+,64.0,uM,=,MHB,,,
AMP_diff2-25,LKKVLKRILQWLKKVLKNWQRW,,Enterococcus faecium ATCC 700221 (VRE),gram+,16.0,uM,=,MHB,,,
AMP_diff2-26,KLWKKVGKFGKLFGKLGKLFGKIGKK,,Acinetobacter baumannii ATCC 19606,gram-,4.0,uM,=,MHB,,,
AMP_diff2-26,KLWKKVGKFGKLFGKLGKLFGKIGKK,,Escherichia coli ATCC 11775,gram-,4.0,uM,=,MHB,,,
AMP_diff2-26,KLWKKVGKFGKLFGKLGKLFGKIGKK,,Escherichia coli AIC221,gram-,4.0,uM,=,MHB,,,
AMP_diff2-26,KLWKKVGKFGKLFGKLGKLFGKIGKK,,Escherichia coli AIC222 (CRE),gram-,2.0,uM,=,MHB,,,
AMP_diff2-26,KLWKKVGKFGKLFGKLGKLFGKIGKK,,Klebsiella pneumoniae ATCC 13883,gram-,64.0,uM,>,MHB,,,
AMP_diff2-26,KLWKKVGKFGKLFGKLGKLFGKIGKK,,Pseudomonas aeruginosa PAO1,gram-,2.0,uM,=,MHB,,,
AMP_diff2-26,KLWKKVGKFGKLFGKLGKLFGKIGKK,,Pseudomonas aeruginosa PA14,gram-,4.0,uM,=,MHB,,,
AMP_diff2-26,KLWKKVGKFGKLFGKLGKLFGKIGKK,,Staphylococcus aureus ATCC 12600,gram+,64.0,uM,>,MHB,,,
AMP_diff2-26,KLWKKVGKFGKLFGKLGKLFGKIGKK,,Staphylococcus aureus ATCC BAA-1556 (MRSA),gram+,64.0,uM,>,MHB,,,
AMP_diff2-26,KLWKKVGKFGKLFGKLGKLFGKIGKK,,Enterococcus faecalis ATCC 700802 (VRE),gram+,64.0,uM,>,MHB,,,
AMP_diff2-26,KLWKKVGKFGKLFGKLGKLFGKIGKK,,Enterococcus faecium ATCC 700221 (VRE),gram+,8.0,uM,=,MHB,,,
AMP_diff2-27,LWEYLGRWLLRLYRGIRRLLRVGLRV,,Acinetobacter baumannii ATCC 19606,gram-,64.0,uM,>,MHB,,,
AMP_diff2-27,LWEYLGRWLLRLYRGIRRLLRVGLRV,,Escherichia coli ATCC 11775,gram-,64.0,uM,>,MHB,,,
AMP_diff2-27,LWEYLGRWLLRLYRGIRRLLRVGLRV,,Escherichia coli AIC221,gram-,64.0,uM,>,MHB,,,
AMP_diff2-27,LWEYLGRWLLRLYRGIRRLLRVGLRV,,Escherichia coli AIC222 (CRE),gram-,64.0,uM,>,MHB,,,
AMP_diff2-27,LWEYLGRWLLRLYRGIRRLLRVGLRV,,Klebsiella pneumoniae ATCC 13883,gram-,64.0,uM,>,MHB,,,
AMP_diff2-27,LWEYLGRWLLRLYRGIRRLLRVGLRV,,Pseudomonas aeruginosa PAO1,gram-,64.0,uM,>,MHB,,,
AMP_diff2-27,LWEYLGRWLLRLYRGIRRLLRVGLRV,,Pseudomonas aeruginosa PA14,gram-,64.0,uM,>,MHB,,,
AMP_diff2-27,LWEYLGRWLLRLYRGIRRLLRVGLRV,,Staphylococcus aureus ATCC 12600,gram+,64.0,uM,>,MHB,,,
AMP_diff2-27,LWEYLGRWLLRLYRGIRRLLRVGLRV,,Staphylococcus aureus ATCC BAA-1556 (MRSA),gram+,64.0,uM,>,MHB,,,
AMP_diff2-27,LWEYLGRWLLRLYRGIRRLLRVGLRV,,Enterococcus faecalis ATCC 700802 (VRE),gram+,64.0,uM,>,MHB,,,
AMP_diff2-27,LWEYLGRWLLRLYRGIRRLLRVGLRV,,Enterococcus faecium ATCC 700221 (VRE),gram+,64.0,uM,>,MHB,,,
AMP_diff2-28,GLWNKIKGAIKLVKGLKGL,,Acinetobacter baumannii ATCC 19606,gram-,1.0,uM,=,MHB,,,
AMP_diff2-28,GLWNKIKGAIKLVKGLKGL,,Escherichia coli ATCC 11775,gram-,2.0,uM,=,MHB,,,
AMP_diff2-28,GLWNKIKGAIKLVKGLKGL,,Escherichia coli AIC221,gram-,1.0,uM,=,MHB,,,
AMP_diff2-28,GLWNKIKGAIKLVKGLKGL,,Escherichia coli AIC222 (CRE),gram-,1.0,uM,=,MHB,,,
AMP_diff2-28,GLWNKIKGAIKLVKGLKGL,,Klebsiella pneumoniae ATCC 13883,gram-,1.0,uM,=,MHB,,,
AMP_diff2-28,GLWNKIKGAIKLVKGLKGL,,Pseudomonas aeruginosa PAO1,gram-,16.0,uM,=,MHB,,,
AMP_diff2-28,GLWNKIKGAIKLVKGLKGL,,Pseudomonas aeruginosa PA14,gram-,2.0,uM,=,MHB,,,
AMP_diff2-28,GLWNKIKGAIKLVKGLKGL,,Staphylococcus aureus ATCC 12600,gram+,64.0,uM,=,MHB,,,
AMP_diff2-28,GLWNKIKGAIKLVKGLKGL,,Staphylococcus aureus ATCC BAA-1556 (MRSA),gram+,64.0,uM,=,MHB,,,
AMP_diff2-28,GLWNKIKGAIKLVKGLKGL,,Enterococcus faecalis ATCC 700802 (VRE),gram+,64.0,uM,>,MHB,,,
AMP_diff2-28,GLWNKIKGAIKLVKGLKGL,,Enterococcus faecium ATCC 700221 (VRE),gram+,8.0,uM,=,MHB,,,
AMP_diff2-29,MWKLLLKVLKIVGKGLKRAWKKVLKW,,Acinetobacter baumannii ATCC 19606,gram-,64.0,uM,>,MHB,,,
AMP_diff2-29,MWKLLLKVLKIVGKGLKRAWKKVLKW,,Escherichia coli ATCC 11775,gram-,64.0,uM,>,MHB,,,
AMP_diff2-29,MWKLLLKVLKIVGKGLKRAWKKVLKW,,Escherichia coli AIC221,gram-,64.0,uM,>,MHB,,,
AMP_diff2-29,MWKLLLKVLKIVGKGLKRAWKKVLKW,,Escherichia coli AIC222 (CRE),gram-,64.0,uM,>,MHB,,,
AMP_diff2-29,MWKLLLKVLKIVGKGLKRAWKKVLKW,,Klebsiella pneumoniae ATCC 13883,gram-,16.0,uM,=,MHB,,,
AMP_diff2-29,MWKLLLKVLKIVGKGLKRAWKKVLKW,,Pseudomonas aeruginosa PAO1,gram-,64.0,uM,>,MHB,,,
AMP_diff2-29,MWKLLLKVLKIVGKGLKRAWKKVLKW,,Pseudomonas aeruginosa PA14,gram-,64.0,uM,>,MHB,,,
AMP_diff2-29,MWKLLLKVLKIVGKGLKRAWKKVLKW,,Staphylococcus aureus ATCC 12600,gram+,64.0,uM,>,MHB,,,
AMP_diff2-29,MWKLLLKVLKIVGKGLKRAWKKVLKW,,Staphylococcus aureus ATCC BAA-1556 (MRSA),gram+,64.0,uM,>,MHB,,,
AMP_diff2-29,MWKLLLKVLKIVGKGLKRAWKKVLKW,,Enterococcus faecalis ATCC 700802 (VRE),gram+,64.0,uM,>,MHB,,,
AMP_diff2-29,MWKLLLKVLKIVGKGLKRAWKKVLKW,,Enterococcus faecium ATCC 700221 (VRE),gram+,16.0,uM,=,MHB,,,
AMP_diff2-30,MLKRAIRKLIRMALRWLK,,Acinetobacter baumannii ATCC 19606,gram-,4.0,uM,=,MHB,,,
AMP_diff2-30,MLKRAIRKLIRMALRWLK,,Escherichia coli ATCC 11775,gram-,64.0,uM,>,MHB,,,
AMP_diff2-30,MLKRAIRKLIRMALRWLK,,Escherichia coli AIC221,gram-,16.0,uM,=,MHB,,,
AMP_diff2-30,MLKRAIRKLIRMALRWLK,,Escherichia coli AIC222 (CRE),gram-,16.0,uM,=,MHB,,,
AMP_diff2-30,MLKRAIRKLIRMALRWLK,,Klebsiella pneumoniae ATCC 13883,gram-,2.0,uM,=,MHB,,,
AMP_diff2-30,MLKRAIRKLIRMALRWLK,,Pseudomonas aeruginosa PAO1,gram-,32.0,uM,=,MHB,,,
AMP_diff2-30,MLKRAIRKLIRMALRWLK,,Pseudomonas aeruginosa PA14,gram-,16.0,uM,=,MHB,,,
AMP_diff2-30,MLKRAIRKLIRMALRWLK,,Staphylococcus aureus ATCC 12600,gram+,16.0,uM,=,MHB,,,
AMP_diff2-30,MLKRAIRKLIRMALRWLK,,Staphylococcus aureus ATCC BAA-1556 (MRSA),gram+,32.0,uM,=,MHB,,,
AMP_diff2-30,MLKRAIRKLIRMALRWLK,,Enterococcus faecalis ATCC 700802 (VRE),gram+,32.0,uM,=,MHB,,,
AMP_diff2-30,MLKRAIRKLIRMALRWLK,,Enterococcus faecium ATCC 700221 (VRE),gram+,2.0,uM,=,MHB,,,
AMP_diff2-31,GWLKKLFSKVLGGLKS,,Acinetobacter baumannii ATCC 19606,gram-,2.0,uM,=,MHB,,,
AMP_diff2-31,GWLKKLFSKVLGGLKS,,Escherichia coli ATCC 11775,gram-,2.0,uM,=,MHB,,,
AMP_diff2-31,GWLKKLFSKVLGGLKS,,Escherichia coli AIC221,gram-,2.0,uM,=,MHB,,,
AMP_diff2-31,GWLKKLFSKVLGGLKS,,Escherichia coli AIC222 (CRE),gram-,2.0,uM,=,MHB,,,
AMP_diff2-31,GWLKKLFSKVLGGLKS,,Klebsiella pneumoniae ATCC 13883,gram-,4.0,uM,=,MHB,,,
AMP_diff2-31,GWLKKLFSKVLGGLKS,,Pseudomonas aeruginosa PAO1,gram-,4.0,uM,=,MHB,,,
AMP_diff2-31,GWLKKLFSKVLGGLKS,,Pseudomonas aeruginosa PA14,gram-,4.0,uM,=,MHB,,,
AMP_diff2-31,GWLKKLFSKVLGGLKS,,Staphylococcus aureus ATCC 12600,gram+,32.0,uM,=,MHB,,,
AMP_diff2-31,GWLKKLFSKVLGGLKS,,Staphylococcus aureus ATCC BAA-1556 (MRSA),gram+,32.0,uM,=,MHB,,,
AMP_diff2-31,GWLKKLFSKVLGGLKS,,Enterococcus faecalis ATCC 700802 (VRE),gram+,64.0,uM,>,MHB,,,
AMP_diff2-31,GWLKKLFSKVLGGLKS,,Enterococcus faecium ATCC 700221 (VRE),gram+,8.0,uM,=,MHB,,,
AMP_diff2-32,MILYIKQILARLKKFLRKTNW,,Acinetobacter baumannii ATCC 19606,gram-,4.0,uM,=,MHB,,,
AMP_diff2-32,MILYIKQILARLKKFLRKTNW,,Escherichia coli ATCC 11775,gram-,64.0,uM,>,MHB,,,
AMP_diff2-32,MILYIKQILARLKKFLRKTNW,,Escherichia coli AIC221,gram-,64.0,uM,>,MHB,,,
AMP_diff2-32,MILYIKQILARLKKFLRKTNW,,Escherichia coli AIC222 (CRE),gram-,64.0,uM,>,MHB,,,
AMP_diff2-32,MILYIKQILARLKKFLRKTNW,,Klebsiella pneumoniae ATCC 13883,gram-,64.0,uM,>,MHB,,,
AMP_diff2-32,MILYIKQILARLKKFLRKTNW,,Pseudomonas aeruginosa PAO1,gram-,64.0,uM,>,MHB,,,
AMP_diff2-32,MILYIKQILARLKKFLRKTNW,,Pseudomonas aeruginosa PA14,gram-,64.0,uM,>,MHB,,,
AMP_diff2-32,MILYIKQILARLKKFLRKTNW,,Staphylococcus aureus ATCC 12600,gram+,32.0,uM,=,MHB,,,
AMP_diff2-32,MILYIKQILARLKKFLRKTNW,,Staphylococcus aureus ATCC BAA-1556 (MRSA),gram+,32.0,uM,=,MHB,,,
AMP_diff2-32,MILYIKQILARLKKFLRKTNW,,Enterococcus faecalis ATCC 700802 (VRE),gram+,64.0,uM,>,MHB,,,
AMP_diff2-32,MILYIKQILARLKKFLRKTNW,,Enterococcus faecium ATCC 700221 (VRE),gram+,2.0,uM,=,MHB,,,
AMP_diff2-33,MFGRLFRRIKRFVKKGVKRFKKILRIP,,Acinetobacter baumannii ATCC 19606,gram-,8.0,uM,=,MHB,,,
AMP_diff2-33,MFGRLFRRIKRFVKKGVKRFKKILRIP,,Escherichia coli ATCC 11775,gram-,8.0,uM,=,MHB,,,
AMP_diff2-33,MFGRLFRRIKRFVKKGVKRFKKILRIP,,Escherichia coli AIC221,gram-,16.0,uM,=,MHB,,,
AMP_diff2-33,MFGRLFRRIKRFVKKGVKRFKKILRIP,,Escherichia coli AIC222 (CRE),gram-,8.0,uM,=,MHB,,,
AMP_diff2-33,MFGRLFRRIKRFVKKGVKRFKKILRIP,,Klebsiella pneumoniae ATCC 13883,gram-,64.0,uM,>,MHB,,,
AMP_diff2-33,MFGRLFRRIKRFVKKGVKRFKKILRIP,,Pseudomonas aeruginosa PAO1,gram-,8.0,uM,=,MHB,,,
AMP_diff2-33,MFGRLFRRIKRFVKKGVKRFKKILRIP,,Pseudomonas aeruginosa PA14,gram-,8.0,uM,=,MHB,,,
AMP_diff2-33,MFGRLFRRIKRFVKKGVKRFKKILRIP,,Staphylococcus aureus ATCC 12600,gram+,64.0,uM,>,MHB,,,
AMP_diff2-33,MFGRLFRRIKRFVKKGVKRFKKILRIP,,Staphylococcus aureus ATCC BAA-1556 (MRSA),gram+,64.0,uM,>,MHB,,,
AMP_diff2-33,MFGRLFRRIKRFVKKGVKRFKKILRIP,,Enterococcus faecalis ATCC 700802 (VRE),gram+,64.0,uM,>,MHB,,,
AMP_diff2-33,MFGRLFRRIKRFVKKGVKRFKKILRIP,,Enterococcus faecium ATCC 700221 (VRE),gram+,4.0,uM,=,MHB,,,
AMP_diff2-34,MIKNLWRLALRFGAKIAISWK,,Acinetobacter baumannii ATCC 19606,gram-,64.0,uM,>,MHB,,,
AMP_diff2-34,MIKNLWRLALRFGAKIAISWK,,Escherichia coli ATCC 11775,gram-,64.0,uM,>,MHB,,,
AMP_diff2-34,MIKNLWRLALRFGAKIAISWK,,Escherichia coli AIC221,gram-,64.0,uM,>,MHB,,,
AMP_diff2-34,MIKNLWRLALRFGAKIAISWK,,Escherichia coli AIC222 (CRE),gram-,64.0,uM,>,MHB,,,
AMP_diff2-34,MIKNLWRLALRFGAKIAISWK,,Klebsiella pneumoniae ATCC 13883,gram-,64.0,uM,>,MHB,,,
AMP_diff2-34,MIKNLWRLALRFGAKIAISWK,,Pseudomonas aeruginosa PAO1,gram-,64.0,uM,>,MHB,,,
AMP_diff2-34,MIKNLWRLALRFGAKIAISWK,,Pseudomonas aeruginosa PA14,gram-,64.0,uM,>,MHB,,,
AMP_diff2-34,MIKNLWRLALRFGAKIAISWK,,Staphylococcus aureus ATCC 12600,gram+,64.0,uM,>,MHB,,,
AMP_diff2-34,MIKNLWRLALRFGAKIAISWK,,Staphylococcus aureus ATCC BAA-1556 (MRSA),gram+,64.0,uM,>,MHB,,,
AMP_diff2-34,MIKNLWRLALRFGAKIAISWK,,Enterococcus faecalis ATCC 700802 (VRE),gram+,8.0,uM,=,MHB,,,
AMP_diff2-34,MIKNLWRLALRFGAKIAISWK,,Enterococcus faecium ATCC 700221 (VRE),gram+,16.0,uM,=,MHB,,,
AMP_diff2-35,MKPFFKKKKLLKVAKKLLKLLTKS,,Acinetobacter baumannii ATCC 19606,gram-,16.0,uM,=,MHB,,,
AMP_diff2-35,MKPFFKKKKLLKVAKKLLKLLTKS,,Escherichia coli ATCC 11775,gram-,16.0,uM,=,MHB,,,
AMP_diff2-35,MKPFFKKKKLLKVAKKLLKLLTKS,,Escherichia coli AIC221,gram-,32.0,uM,=,MHB,,,
AMP_diff2-35,MKPFFKKKKLLKVAKKLLKLLTKS,,Escherichia coli AIC222 (CRE),gram-,8.0,uM,=,MHB,,,
AMP_diff2-35,MKPFFKKKKLLKVAKKLLKLLTKS,,Klebsiella pneumoniae ATCC 13883,gram-,1.0,uM,=,MHB,,,
AMP_diff2-35,MKPFFKKKKLLKVAKKLLKLLTKS,,Pseudomonas aeruginosa PAO1,gram-,16.0,uM,=,MHB,,,
AMP_diff2-35,MKPFFKKKKLLKVAKKLLKLLTKS,,Pseudomonas aeruginosa PA14,gram-,16.0,uM,=,MHB,,,
AMP_diff2-35,MKPFFKKKKLLKVAKKLLKLLTKS,,Staphylococcus aureus ATCC 12600,gram+,64.0,uM,>,MHB,,,
AMP_diff2-35,MKPFFKKKKLLKVAKKLLKLLTKS,,Staphylococcus aureus ATCC BAA-1556 (MRSA),gram+,64.0,uM,>,MHB,,,
AMP_diff2-35,MKPFFKKKKLLKVAKKLLKLLTKS,,Enterococcus faecalis ATCC 700802 (VRE),gram+,64.0,uM,>,MHB,,,
AMP_diff2-35,MKPFFKKKKLLKVAKKLLKLLTKS,,Enterococcus faecium ATCC 700221 (VRE),gram+,32.0,uM,=,MHB,,,
AMP_diff2-36,MIPKLIKLAIKLAKLALKLTN,,Acinetobacter baumannii ATCC 19606,gram-,4.0,uM,=,MHB,,,
AMP_diff2-36,MIPKLIKLAIKLAKLALKLTN,,Escherichia coli ATCC 11775,gram-,64.0,uM,>,MHB,,,
AMP_diff2-36,MIPKLIKLAIKLAKLALKLTN,,Escherichia coli AIC221,gram-,64.0,uM,>,MHB,,,
AMP_diff2-36,MIPKLIKLAIKLAKLALKLTN,,Escherichia coli AIC222 (CRE),gram-,64.0,uM,=,MHB,,,
AMP_diff2-36,MIPKLIKLAIKLAKLALKLTN,,Klebsiella pneumoniae ATCC 13883,gram-,64.0,uM,=,MHB,,,
AMP_diff2-36,MIPKLIKLAIKLAKLALKLTN,,Pseudomonas aeruginosa PAO1,gram-,64.0,uM,>,MHB,,,
AMP_diff2-36,MIPKLIKLAIKLAKLALKLTN,,Pseudomonas aeruginosa PA14,gram-,64.0,uM,>,MHB,,,
AMP_diff2-36,MIPKLIKLAIKLAKLALKLTN,,Staphylococcus aureus ATCC 12600,gram+,4.0,uM,=,MHB,,,
AMP_diff2-36,MIPKLIKLAIKLAKLALKLTN,,Staphylococcus aureus ATCC BAA-1556 (MRSA),gram+,16.0,uM,=,MHB,,,
AMP_diff2-36,MIPKLIKLAIKLAKLALKLTN,,Enterococcus faecalis ATCC 700802 (VRE),gram+,64.0,uM,=,MHB,,,
AMP_diff2-36,MIPKLIKLAIKLAKLALKLTN,,Enterococcus faecium ATCC 700221 (VRE),gram+,8.0,uM,=,MHB,,,
AMP_diff2-37,MKWLKIALRGLRMKL,,Acinetobacter baumannii ATCC 19606,gram-,4.0,uM,=,MHB,,,
AMP_diff2-37,MKWLKIALRGLRMKL,,Escherichia coli ATCC 11775,gram-,32.0,uM,=,MHB,,,
AMP_diff2-37,MKWLKIALRGLRMKL,,Escherichia coli AIC221,gram-,8.0,uM,=,MHB,,,
AMP_diff2-37,MKWLKIALRGLRMKL,,Escherichia coli AIC222 (CRE),gram-,2.0,uM,=,MHB,,,
AMP_diff2-37,MKWLKIALRGLRMKL,,Klebsiella pneumoniae ATCC 13883,gram-,16.0,uM,=,MHB,,,
AMP_diff2-37,MKWLKIALRGLRMKL,,Pseudomonas aeruginosa PAO1,gram-,64.0,uM,=,MHB,,,
AMP_diff2-37,MKWLKIALRGLRMKL,,Pseudomonas aeruginosa PA14,gram-,32.0,uM,=,MHB,,,
AMP_diff2-37,MKWLKIALRGLRMKL,,Staphylococcus aureus ATCC 12600,gram+,64.0,uM,>,MHB,,,
AMP_diff2-37,MKWLKIALRGLRMKL,,Staphylococcus aureus ATCC BAA-1556 (MRSA),gram+,64.0,uM,>,MHB,,,
AMP_diff2-37,MKWLKIALRGLRMKL,,Enterococcus faecalis ATCC 700802 (VRE),gram+,64.0,uM,>,MHB,,,
AMP_diff2-37,MKWLKIALRGLRMKL,,Enterococcus faecium ATCC 700221 (VRE),gram+,16.0,uM,=,MHB,,,
AMP_diff2-38,MIRRPFNRILRTFPRKLLKRLKV,,Acinetobacter baumannii ATCC 19606,gram-,8.0,uM,=,MHB,,,
AMP_diff2-38,MIRRPFNRILRTFPRKLLKRLKV,,Escherichia coli ATCC 11775,gram-,64.0,uM,>,MHB,,,
AMP_diff2-38,MIRRPFNRILRTFPRKLLKRLKV,,Escherichia coli AIC221,gram-,16.0,uM,=,MHB,,,
AMP_diff2-38,MIRRPFNRILRTFPRKLLKRLKV,,Escherichia coli AIC222 (CRE),gram-,32.0,uM,=,MHB,,,
AMP_diff2-38,MIRRPFNRILRTFPRKLLKRLKV,,Klebsiella pneumoniae ATCC 13883,gram-,64.0,uM,>,MHB,,,
AMP_diff2-38,MIRRPFNRILRTFPRKLLKRLKV,,Pseudomonas aeruginosa PAO1,gram-,64.0,uM,=,MHB,,,
AMP_diff2-38,MIRRPFNRILRTFPRKLLKRLKV,,Pseudomonas aeruginosa PA14,gram-,64.0,uM,=,MHB,,,
AMP_diff2-38,MIRRPFNRILRTFPRKLLKRLKV,,Staphylococcus aureus ATCC 12600,gram+,64.0,uM,>,MHB,,,
AMP_diff2-38,MIRRPFNRILRTFPRKLLKRLKV,,Staphylococcus aureus ATCC BAA-1556 (MRSA),gram+,8.0,uM,=,MHB,,,
AMP_diff2-38,MIRRPFNRILRTFPRKLLKRLKV,,Enterococcus faecalis ATCC 700802 (VRE),gram+,64.0,uM,>,MHB,,,
AMP_diff2-38,MIRRPFNRILRTFPRKLLKRLKV,,Enterococcus faecium ATCC 700221 (VRE),gram+,4.0,uM,=,MHB,,,
AMP_diff2-39,MLAKKLSTRFLKWLQWWRRIRW,,Acinetobacter baumannii ATCC 19606,gram-,2.0,uM,=,MHB,,,
AMP_diff2-39,MLAKKLSTRFLKWLQWWRRIRW,,Escherichia coli ATCC 11775,gram-,32.0,uM,=,MHB,,,
AMP_diff2-39,MLAKKLSTRFLKWLQWWRRIRW,,Escherichia coli AIC221,gram-,32.0,uM,=,MHB,,,
AMP_diff2-39,MLAKKLSTRFLKWLQWWRRIRW,,Escherichia coli AIC222 (CRE),gram-,64.0,uM,=,MHB,,,
AMP_diff2-39,MLAKKLSTRFLKWLQWWRRIRW,,Klebsiella pneumoniae ATCC 13883,gram-,8.0,uM,=,MHB,,,
AMP_diff2-39,MLAKKLSTRFLKWLQWWRRIRW,,Pseudomonas aeruginosa PAO1,gram-,64.0,uM,=,MHB,,,
AMP_diff2-39,MLAKKLSTRFLKWLQWWRRIRW,,Pseudomonas aeruginosa PA14,gram-,64.0,uM,=,MHB,,,
AMP_diff2-39,MLAKKLSTRFLKWLQWWRRIRW,,Staphylococcus aureus ATCC 12600,gram+,64.0,uM,=,MHB,,,
AMP_diff2-39,MLAKKLSTRFLKWLQWWRRIRW,,Staphylococcus aureus ATCC BAA-1556 (MRSA),gram+,64.0,uM,=,MHB,,,
AMP_diff2-39,MLAKKLSTRFLKWLQWWRRIRW,,Enterococcus faecalis ATCC 700802 (VRE),gram+,64.0,uM,=,MHB,,,
AMP_diff2-39,MLAKKLSTRFLKWLQWWRRIRW,,Enterococcus faecium ATCC 700221 (VRE),gram+,1.0,uM,=,MHB,,,
AMP_diff2-40,MLIRWIPGGIKRLLHRLKHLFRWLRH,,Acinetobacter baumannii ATCC 19606,gram-,64.0,uM,>,MHB,,,
AMP_diff2-40,MLIRWIPGGIKRLLHRLKHLFRWLRH,,Escherichia coli ATCC 11775,gram-,64.0,uM,>,MHB,,,
AMP_diff2-40,MLIRWIPGGIKRLLHRLKHLFRWLRH,,Escherichia coli AIC221,gram-,64.0,uM,>,MHB,,,
AMP_diff2-40,MLIRWIPGGIKRLLHRLKHLFRWLRH,,Escherichia coli AIC222 (CRE),gram-,64.0,uM,>,MHB,,,
AMP_diff2-40,MLIRWIPGGIKRLLHRLKHLFRWLRH,,Klebsiella pneumoniae ATCC 13883,gram-,64.0,uM,>,MHB,,,
AMP_diff2-40,MLIRWIPGGIKRLLHRLKHLFRWLRH,,Pseudomonas aeruginosa PAO1,gram-,64.0,uM,>,MHB,,,
AMP_diff2-40,MLIRWIPGGIKRLLHRLKHLFRWLRH,,Pseudomonas aeruginosa PA14,gram-,64.0,uM,>,MHB,,,
AMP_diff2-40,MLIRWIPGGIKRLLHRLKHLFRWLRH,,Staphylococcus aureus ATCC 12600,gram+,64.0,uM,>,MHB,,,
AMP_diff2-40,MLIRWIPGGIKRLLHRLKHLFRWLRH,,Staphylococcus aureus ATCC BAA-1556 (MRSA),gram+,64.0,uM,>,MHB,,,
AMP_diff2-40,MLIRWIPGGIKRLLHRLKHLFRWLRH,,Enterococcus faecalis ATCC 700802 (VRE),gram+,64.0,uM,>,MHB,,,
AMP_diff2-40,MLIRWIPGGIKRLLHRLKHLFRWLRH,,Enterococcus faecium ATCC 700221 (VRE),gram+,64.0,uM,>,MHB,,,
AMP_diff2-41,MWKIWVKWKWRWKVKLRKLVKKLVLKWK,,Acinetobacter baumannii ATCC 19606,gram-,8.0,uM,=,MHB,,,
AMP_diff2-41,MWKIWVKWKWRWKVKLRKLVKKLVLKWK,,Escherichia coli ATCC 11775,gram-,64.0,uM,>,MHB,,,
AMP_diff2-41,MWKIWVKWKWRWKVKLRKLVKKLVLKWK,,Escherichia coli AIC221,gram-,64.0,uM,>,MHB,,,
AMP_diff2-41,MWKIWVKWKWRWKVKLRKLVKKLVLKWK,,Escherichia coli AIC222 (CRE),gram-,64.0,uM,>,MHB,,,
AMP_diff2-41,MWKIWVKWKWRWKVKLRKLVKKLVLKWK,,Klebsiella pneumoniae ATCC 13883,gram-,16.0,uM,=,MHB,,,
AMP_diff2-41,MWKIWVKWKWRWKVKLRKLVKKLVLKWK,,Pseudomonas aeruginosa PAO1,gram-,64.0,uM,>,MHB,,,
AMP_diff2-41,MWKIWVKWKWRWKVKLRKLVKKLVLKWK,,Pseudomonas aeruginosa PA14,gram-,64.0,uM,>,MHB,,,
AMP_diff2-41,MWKIWVKWKWRWKVKLRKLVKKLVLKWK,,Staphylococcus aureus ATCC 12600,gram+,64.0,uM,>,MHB,,,
AMP_diff2-41,MWKIWVKWKWRWKVKLRKLVKKLVLKWK,,Staphylococcus aureus ATCC BAA-1556 (MRSA),gram+,64.0,uM,>,MHB,,,
AMP_diff2-41,MWKIWVKWKWRWKVKLRKLVKKLVLKWK,,Enterococcus faecalis ATCC 700802 (VRE),gram+,64.0,uM,>,MHB,,,
AMP_diff2-41,MWKIWVKWKWRWKVKLRKLVKKLVLKWK,,Enterococcus faecium ATCC 700221 (VRE),gram+,64.0,uM,>,MHB,,,
AMP_diff2-42,MLIRWLLAAIKYWRK,,Acinetobacter baumannii ATCC 19606,gram-,8.0,uM,=,MHB,,,
AMP_diff2-42,MLIRWLLAAIKYWRK,,Escherichia coli ATCC 11775,gram-,64.0,uM,>,MHB,,,
AMP_diff2-42,MLIRWLLAAIKYWRK,,Escherichia coli AIC221,gram-,64.0,uM,>,MHB,,,
AMP_diff2-42,MLIRWLLAAIKYWRK,,Escherichia coli AIC222 (CRE),gram-,64.0,uM,>,MHB,,,
AMP_diff2-42,MLIRWLLAAIKYWRK,,Klebsiella pneumoniae ATCC 13883,gram-,64.0,uM,>,MHB,,,
AMP_diff2-42,MLIRWLLAAIKYWRK,,Pseudomonas aeruginosa PAO1,gram-,64.0,uM,>,MHB,,,
AMP_diff2-42,MLIRWLLAAIKYWRK,,Pseudomonas aeruginosa PA14,gram-,64.0,uM,>,MHB,,,
AMP_diff2-42,MLIRWLLAAIKYWRK,,Staphylococcus aureus ATCC 12600,gram+,2.0,uM,=,MHB,,,
AMP_diff2-42,MLIRWLLAAIKYWRK,,Staphylococcus aureus ATCC BAA-1556 (MRSA),gram+,8.0,uM,=,MHB,,,
AMP_diff2-42,MLIRWLLAAIKYWRK,,Enterococcus faecalis ATCC 700802 (VRE),gram+,16.0,uM,=,MHB,,,
AMP_diff2-42,MLIRWLLAAIKYWRK,,Enterococcus faecium ATCC 700221 (VRE),gram+,2.0,uM,=,MHB,,,
AMP_diff2-43,KLKTFLGKIGKLLKGGLKTLLKGLG,,Acinetobacter baumannii ATCC 19606,gram-,1.0,uM,=,MHB,,,
AMP_diff2-43,KLKTFLGKIGKLLKGGLKTLLKGLG,,Escherichia coli ATCC 11775,gram-,1.0,uM,=,MHB,,,
AMP_diff2-43,KLKTFLGKIGKLLKGGLKTLLKGLG,,Escherichia coli AIC221,gram-,1.0,uM,=,MHB,,,
AMP_diff2-43,KLKTFLGKIGKLLKGGLKTLLKGLG,,Escherichia coli AIC222 (CRE),gram-,1.0,uM,=,MHB,,,
AMP_diff2-43,KLKTFLGKIGKLLKGGLKTLLKGLG,,Klebsiella pneumoniae ATCC 13883,gram-,1.0,uM,=,MHB,,,
AMP_diff2-43,KLKTFLGKIGKLLKGGLKTLLKGLG,,Pseudomonas aeruginosa PAO1,gram-,2.0,uM,=,MHB,,,
AMP_diff2-43,KLKTFLGKIGKLLKGGLKTLLKGLG,,Pseudomonas aeruginosa PA14,gram-,1.0,uM,=,MHB,,,
AMP_diff2-43,KLKTFLGKIGKLLKGGLKTLLKGLG,,Staphylococcus aureus ATCC 12600,gram+,16.0,uM,=,MHB,,,
AMP_diff2-43,KLKTFLGKIGKLLKGGLKTLLKGLG,,Staphylococcus aureus ATCC BAA-1556 (MRSA),gram+,8.0,uM,=,MHB,,,
AMP_diff2-43,KLKTFLGKIGKLLKGGLKTLLKGLG,,Enterococcus faecalis ATCC 700802 (VRE),gram+,64.0,uM,=,MHB,,,
AMP_diff2-43,KLKTFLGKIGKLLKGGLKTLLKGLG,,Enterococcus faecium ATCC 700221 (VRE),gram+,1.0,uM,=,MHB,,,
AMP_diff2-44,MIHLRRGIYRLIGRILRRLL,,Acinetobacter baumannii ATCC 19606,gram-,2.0,uM,=,MHB,,,
AMP_diff2-44,MIHLRRGIYRLIGRILRRLL,,Escherichia coli ATCC 11775,gram-,64.0,uM,>,MHB,,,
AMP_diff2-44,MIHLRRGIYRLIGRILRRLL,,Escherichia coli AIC221,gram-,64.0,uM,>,MHB,,,
AMP_diff2-44,MIHLRRGIYRLIGRILRRLL,,Escherichia coli AIC222 (CRE),gram-,64.0,uM,>,MHB,,,
AMP_diff2-44,MIHLRRGIYRLIGRILRRLL,,Klebsiella pneumoniae ATCC 13883,gram-,4.0,uM,=,MHB,,,
AMP_diff2-44,MIHLRRGIYRLIGRILRRLL,,Pseudomonas aeruginosa PAO1,gram-,64.0,uM,>,MHB,,,
AMP_diff2-44,MIHLRRGIYRLIGRILRRLL,,Pseudomonas aeruginosa PA14,gram-,64.0,uM,>,MHB,,,
AMP_diff2-44,MIHLRRGIYRLIGRILRRLL,,Staphylococcus aureus ATCC 12600,gram+,64.0,uM,>,MHB,,,
AMP_diff2-44,MIHLRRGIYRLIGRILRRLL,,Staphylococcus aureus ATCC BAA-1556 (MRSA),gram+,64.0,uM,>,MHB,,,
AMP_diff2-44,MIHLRRGIYRLIGRILRRLL,,Enterococcus faecalis ATCC 700802 (VRE),gram+,64.0,uM,>,MHB,,,
AMP_diff2-44,MIHLRRGIYRLIGRILRRLL,,Enterococcus faecium ATCC 700221 (VRE),gram+,2.0,uM,=,MHB,,,
AMP_diff2-45,MWEKLFRWWRRIVKWISRSWRWILR,,Acinetobacter baumannii ATCC 19606,gram-,64.0,uM,>,MHB,,,
AMP_diff2-45,MWEKLFRWWRRIVKWISRSWRWILR,,Escherichia coli ATCC 11775,gram-,64.0,uM,>,MHB,,,
AMP_diff2-45,MWEKLFRWWRRIVKWISRSWRWILR,,Escherichia coli AIC221,gram-,64.0,uM,>,MHB,,,
AMP_diff2-45,MWEKLFRWWRRIVKWISRSWRWILR,,Escherichia coli AIC222 (CRE),gram-,64.0,uM,>,MHB,,,
AMP_diff2-45,MWEKLFRWWRRIVKWISRSWRWILR,,Klebsiella pneumoniae ATCC 13883,gram-,64.0,uM,>,MHB,,,
AMP_diff2-45,MWEKLFRWWRRIVKWISRSWRWILR,,Pseudomonas aeruginosa PAO1,gram-,64.0,uM,>,MHB,,,
AMP_diff2-45,MWEKLFRWWRRIVKWISRSWRWILR,,Pseudomonas aeruginosa PA14,gram-,64.0,uM,>,MHB,,,
AMP_diff2-45,MWEKLFRWWRRIVKWISRSWRWILR,,Staphylococcus aureus ATCC 12600,gram+,64.0,uM,>,MHB,,,
AMP_diff2-45,MWEKLFRWWRRIVKWISRSWRWILR,,Staphylococcus aureus ATCC BAA-1556 (MRSA),gram+,64.0,uM,>,MHB,,,
AMP_diff2-45,MWEKLFRWWRRIVKWISRSWRWILR,,Enterococcus faecalis ATCC 700802 (VRE),gram+,64.0,uM,>,MHB,,,
AMP_diff2-45,MWEKLFRWWRRIVKWISRSWRWILR,,Enterococcus faecium ATCC 700221 (VRE),gram+,64.0,uM,>,MHB,,,
AMP_diff2-46,LARILKFLKKLAKFLKRFKKFFK,,Acinetobacter baumannii ATCC 19606,gram-,64.0,uM,>,MHB,,,
AMP_diff2-46,LARILKFLKKLAKFLKRFKKFFK,,Escherichia coli ATCC 11775,gram-,64.0,uM,>,MHB,,,
AMP_diff2-46,LARILKFLKKLAKFLKRFKKFFK,,Escherichia coli AIC221,gram-,64.0,uM,>,MHB,,,
AMP_diff2-46,LARILKFLKKLAKFLKRFKKFFK,,Escherichia coli AIC222 (CRE),gram-,64.0,uM,>,MHB,,,
AMP_diff2-46,LARILKFLKKLAKFLKRFKKFFK,,Klebsiella pneumoniae ATCC 13883,gram-,64.0,uM,>,MHB,,,
AMP_diff2-46,LARILKFLKKLAKFLKRFKKFFK,,Pseudomonas aeruginosa PAO1,gram-,64.0,uM,>,MHB,,,
AMP_diff2-46,LARILKFLKKLAKFLKRFKKFFK,,Pseudomonas aeruginosa PA14,gram-,64.0,uM,>,MHB,,,
AMP_diff2-46,LARILKFLKKLAKFLKRFKKFFK,,Staphylococcus aureus ATCC 12600,gram+,64.0,uM,>,MHB,,,
AMP_diff2-46,LARILKFLKKLAKFLKRFKKFFK,,Staphylococcus aureus ATCC BAA-1556 (MRSA),gram+,64.0,uM,>,MHB,,,
AMP_diff2-46,LARILKFLKKLAKFLKRFKKFFK,,Enterococcus faecalis ATCC 700802 (VRE),gram+,64.0,uM,>,MHB,,,
AMP_diff2-46,LARILKFLKKLAKFLKRFKKFFK,,Enterococcus faecium ATCC 700221 (VRE),gram+,64.0,uM,>,MHB,,,
